site_no,station_nm,lat,long,datum,altitude,gh,gh_start,gh_end,sf,sf_start,sf_end,huc10,huc10_name,huc10_area
03207965,"GRAPEVINE CREEK NEAR PHYLLIS, KY",37.432606,-82.35376,NAD83,797.19,1,2007-10-01 01:00:00,2024-04-03 01:00:00,1,1989-04-25 00:00:00,2024-04-03 01:00:00,0507020202,Fishtrap Lake-Levisa Fork,418.12
03208000,"LEVISA FORK BELOW FISHTRAP DAM NEAR MILLARD, KY",37.425938,-82.41237,NAD83,599.16,1,2008-07-31 11:00:00,2024-04-03 01:00:00,0,,,0507020202,Fishtrap Lake-Levisa Fork,418.12
03209300,"RUSSELL FORK AT ELKHORN CITY, KY",37.303997,-82.342926,NAD83,773.0,1,2008-10-10 10:00:00,2017-10-03 16:30:00,0,,,0507020207,Russell Fork-Levisa Fork,449.8
03209310,"ELKHORN LAKE AT JENKINS, KY",37.168354,-82.63506,NAD83,1573.06,1,2023-12-07 13:45:00,2024-04-03 01:00:00,0,,,0507020207,Russell Fork-Levisa Fork,449.8
03209325,"ELKHORN CREEK AT BURDINE, KY",37.18783,-82.60457,NAD83,,1,2024-01-31 14:45:00,2024-04-03 01:00:00,0,,,0507020207,Russell Fork-Levisa Fork,449.8
03209410,"RUSSELL FORK AT CEDARVILLE, KY",37.312954,-82.35956,NAD83,743.4,1,2017-10-04 17:45:00,2024-04-03 01:00:00,1,2017-10-04 17:45:00,2020-10-15 17:45:00,0507020207,Russell Fork-Levisa Fork,449.8
03209500,"LEVISA FORK AT PIKEVILLE, KY",37.464268,-82.52626,NAD83,631.26,1,2007-10-01 01:00:00,2024-04-03 01:00:00,1,2015-10-01 01:00:00,2024-04-03 01:00:00,0507020302,Mud Creek-Levisa Fork,691.97
03209800,"LEVISA FORK AT PRESTONSBURG, KY",37.67093,-82.77711,NAD83,587.38,1,2007-10-01 01:00:00,2024-04-03 01:00:00,1,2023-06-28 00:00:00,2024-04-03 01:00:00,0507020302,Mud Creek-Levisa Fork,691.97
03210000,"JOHNS CREEK NEAR META, KY",37.567043,-82.457924,NAD83,714.52,1,2007-10-01 01:00:00,2024-04-03 01:00:00,1,1974-01-18 00:00:00,2024-04-03 01:00:00,0507020303,Johns Creek,580.98
03211500,"JOHNS CREEK NEAR VAN LEAR, KY",37.743706,-82.724045,NAD83,596.61,1,2008-07-15 08:00:00,2024-04-03 01:00:00,0,,,0507020303,Johns Creek,580.98
03212500,"LEVISA FORK AT PAINTSVILLE, KY",37.815372,-82.79155,NAD83,566.18,1,2007-10-01 01:00:00,2024-04-03 01:00:00,1,2015-10-01 01:30:00,2024-04-03 01:00:00,0507020305,Georges Creek-Levisa Fork,551.91
03213700,"TUG FORK AT WILLIAMSON, WV",37.673157,-82.28014,NAD83,619.91,1,2007-10-01 01:00:00,2024-04-03 01:00:00,1,1997-07-03 00:00:00,2024-04-03 01:00:00,0507020105,Wolf Creek-Tug Fork,515.03
03215000,"BIG SANDY R AT LOUISA, KY",38.171196,-82.634605,NAD83,512.13,1,2016-10-01 01:00:00,2024-04-03 01:00:00,0,,,0507020404,Whites Creek-Big Sandy River,377.31
03215410,"BLAINE CREEK NEAR BLAINE, KY",38.029533,-82.84683,NAD83,632.46,1,2009-10-22 09:30:00,2024-04-03 01:00:00,1,2009-10-22 09:30:00,2024-04-03 01:00:00,0507020401,Upper Blaine Creek,269.16
03216000,"OHIO RIVER AT ASHLAND, KY",38.484024,-82.64155,NAD83,480.41,1,2009-09-29 10:00:00,2024-04-03 01:00:00,0,,,0509010301,Ice Creek-Ohio River,560.13
03216070,"OHIO RIVER AT IRONTON, OH",38.532055,-82.68594,NAD83,480.41,1,2015-09-02 17:30:00,2024-04-03 01:00:00,1,2015-09-03 09:15:00,2024-04-03 01:00:00,0509010301,Ice Creek-Ohio River,560.13
03216300,"GRAYSON LAKE NEAR LEON, KY",38.252583,-82.98545,NAD83,,1,2021-01-19 00:00:00,2024-04-03 01:00:00,0,,,0509010403,Middle Little Sandy River,434.78
03216350,"LITTLE SANDY RIVER BELOW GRAYSON DAM NEAR LEON, KY",38.25397,-82.991005,NAD83,499.42,1,2014-09-11 12:30:00,2024-04-03 01:00:00,0,,,0509010403,Middle Little Sandy River,434.78
03216500,"LITTLE SANDY RIVER AT GRAYSON, KY",38.330082,-82.93934,NAD83,557.03,1,2008-10-01 00:00:00,2024-04-03 01:00:00,1,1987-02-03 00:00:00,2024-04-03 01:00:00,0509010403,Middle Little Sandy River,434.78
03216540,"EAST FORK LITTLE SANDY RIVER NEAR FALLSBURG, KY",38.233696,-82.70877,NAD83,661.4,0,,,1,1987-10-09 00:00:00,1991-09-30 23:45:00,0509010404,East Fork Little Sandy River,398.88
03216600,"OHIO RIVER AT GREENUP DAM NEAR GREENUP, KY",38.646744,-82.86045,NAD83,471.85,1,2010-01-01 00:00:00,2024-04-03 01:00:00,1,2015-10-01 01:00:00,2024-04-03 01:00:00,0509010301,Ice Creek-Ohio River,560.13
03216777,"TYGARTS CREEK AT LAWTON RD AT OLIVE HILL,KY",38.290382,-83.18956,NAD83,747.85,1,2021-04-03 00:00:00,2024-04-03 01:00:00,1,2021-04-04 01:00:00,2024-04-03 01:00:00,0509010303,Upper Tygarts Creek,479.24
03217000,"TYGARTS CREEK NEAR GREENUP, KY",38.564247,-82.95212,NAD83,546.4,1,2007-10-01 01:00:00,2024-04-03 01:00:00,1,1987-10-01 01:00:00,2024-04-03 01:00:00,0509010304,Lower Tygarts Creek,400.24
03217200,"OHIO RIVER AT PORTSMOUTH, OH",38.729134,-82.99687,NAD83,469.01,1,2009-09-28 17:30:00,2024-04-03 01:00:00,0,,,0509010306,Little Scioto River-Ohio River,414.37
03237250,"KINNICONICK CREEK NEAR TANNERY, KY",38.54341,-83.224625,NAD83,,0,,,1,1991-12-01 00:00:00,2000-12-06 23:30:00,0509020101,Kinniconick Creek,655.48
03237255,"KINNICONICK CREEK BELOW TRACE CREEK AT TANNERY, KY",38.545277,-83.22139,NAD83,,0,,,1,2000-12-08 00:00:00,2010-09-30 23:45:00,0509020101,Kinniconick Creek,655.48
03237900,"CABIN CREEK NEAR TOLLESBORO, KY",38.567852,-83.53713,NAD83,,0,,,1,1987-10-01 00:15:00,1992-03-30 23:45:00,0509020106,Cabin Creek-Ohio River,531.2
03238000,"OHIO RIVER AT MAYSVILLE, KY",38.68411,-83.78389,NAD83,450.15,1,2023-12-05 00:00:00,2024-04-03 01:00:00,0,,,0509020106,Cabin Creek-Ohio River,531.2
03238140,"TAYLOR CREEK AT DONNERMEYER DRIVE AT BELLEVUE, KY",39.09742,-84.48361,NAD83,479.49,1,2007-10-01 01:00:00,2024-04-03 01:00:00,1,2007-10-01 01:00:00,2024-04-03 01:00:00,0509020302,Muddy Creek-Ohio River,293.77
03238745,"TWELVEMILE CREEK AT HIGHWAY 1997 NR ALEXANDRIA, KY",38.951454,-84.33827,NAD83,504.8,1,2007-10-01 01:00:00,2024-04-03 01:00:00,1,2001-01-17 00:00:00,2024-04-03 01:00:00,0509020112,Twelvemile Creek-Ohio River,501.67
03238772,"FOURMILE CREEK AT POPLAR RIDGE RD NR ALEXANDRIA,KY",38.986668,-84.36528,NAD83,534.69,1,2007-10-01 01:00:00,2024-04-03 01:00:00,1,2001-03-10 00:00:00,2024-04-03 01:00:00,0509020112,Twelvemile Creek-Ohio River,501.67
03238780,"FOURMILE CR @ HWY 547 NR ALEXANDRIA, KY",39.009167,-84.37334,NAD83,,0,,,1,1999-05-03 00:00:00,2000-09-30 23:50:00,0509020112,Twelvemile Creek-Ohio River,501.67
03238785,"FOURMILE CK AT GRAYS CROSSING AT SILVER GROVE, KY",39.02125,-84.38121,NAD83,479.64,1,2017-02-23 09:30:00,2024-04-03 01:00:00,1,2017-02-23 09:30:00,2024-04-03 01:00:00,0509020112,Twelvemile Creek-Ohio River,501.67
03238798,"FOURMILE CREEK AT HWY 8 AT SILVER GROVE, KY",39.043575,-84.41978,NAD83,456.46,1,2017-02-23 17:00:00,2024-04-03 01:00:00,0,,,0509020112,Twelvemile Creek-Ohio River,501.67
03248300,"LICKING RIVER BELOW MASON FORK NR SALYERSVILLE, KY",37.730648,-83.057945,NAD83,840.11,1,2007-10-01 01:00:00,2024-04-03 01:00:00,1,2001-04-25 01:00:00,2024-04-03 01:00:00,0510010101,Headwaters Licking River,605.15
03249498,"CAVE RUN LAKE NEAR FARMERS, KY",38.11769,-83.53188,NAD83,,1,2023-12-05 00:00:00,2024-04-03 01:00:00,0,,,0510010108,Fox Creek-Licking River,863.61
03249500,"LICKING RIVER AT FARMERS, KY",38.11536,-83.54324,NAD83,645.93,1,2007-10-01 01:00:00,2024-04-03 01:00:00,1,1987-10-01 01:00:00,2009-09-26 23:45:00,0510010108,Fox Creek-Licking River,863.61
03249505,"LICKING RIVER AT HWY 60 AT FARMERS, KY",38.14008,-83.55713,NAD83,645.93,1,2007-10-01 01:00:00,2024-04-03 01:00:00,1,2003-10-01 00:00:00,2006-09-30 23:45:00,0510010108,Fox Creek-Licking River,863.61
03250000,"TRIPLETT CREEK AT MOREHEAD, KY",38.184525,-83.42991,NAD83,708.26,0,,,1,1988-10-01 00:00:00,1992-09-22 23:30:00,0510010106,Triplett Creek,484.49
03250100,"NORTH FORK TRIPLETT CREEK NEAR MOREHEAD, KY",38.19925,-83.48046,NAD83,677.4,1,2012-07-17 16:45:00,2024-04-03 01:00:00,1,1987-10-01 00:30:00,2024-04-03 01:00:00,0510010106,Triplett Creek,484.49
03250190,"SLATE CREEK AT HIGHWAY 713 NR MT. STERLING, KY",38.023968,-83.83159,NAD83,749.03,1,2007-10-01 01:00:00,2024-04-03 01:00:00,1,2000-03-03 00:00:00,2024-04-03 01:00:00,0510010107,Slate Creek,595.01
03250310,"ROCK LICK CR AB UNNAMED TRIB NR SHARKEY, KY STAT A",38.25119,-83.566025,NAD83,,0,,,1,1996-07-24 00:00:00,2009-07-08 23:45:00,0510010108,Fox Creek-Licking River,863.61
03250322,"ROCK LICK CR AT STATE HWY 158 NR SHARKEY, KY STA D",38.247303,-83.589355,NAD83,644.42,1,2007-10-01 01:00:00,2024-04-03 01:00:00,1,2003-10-01 01:00:00,2024-04-03 01:00:00,0510010108,Fox Creek-Licking River,863.61
03250500,"LICKING RIVER AT BLUE LICK SPRINGS, KY",38.420074,-83.99743,NAD83,559.6,1,2007-10-01 01:00:00,2024-04-03 01:00:00,1,2001-10-01 00:00:00,2024-04-03 01:00:00,0510010111,Johnson Creek-Licking River,834.17
03251000,"NORTH FORK LICKING RIVER NEAR LEWISBURG, KY",38.549244,-83.79353,NAD83,680.0,0,,,1,1987-10-01 00:30:00,1991-09-30 23:30:00,0510010110,North Fork Licking River,798.18
03251200,"NORTH FORK LICKING RIVER NEAR MT OLIVET, KY",38.594795,-84.0202,NAD83,627.94,1,2007-10-01 01:00:00,2024-04-03 01:00:00,1,1991-06-15 00:00:00,2024-04-03 01:00:00,0510010110,North Fork Licking River,798.18
03251500,"LICKING RIVER AT MCKINNEYSBURG, KY",38.60007,-84.26633,NAD83,520.25,1,2007-10-04 00:00:00,2024-04-03 01:00:00,1,1987-10-01 01:00:00,2024-04-03 01:00:00,0510010112,Grassy Creek-Licking River,750.72
03251900,"STONER CREEK AT WATER PLANT AT PARIS, KY",38.205,-84.23805,NAD83,772.57,1,2015-09-23 09:00:00,2024-04-03 01:00:00,1,2015-09-26 09:00:00,2024-04-03 01:00:00,0510010202,Stoner Creek,518.92
03251980,"HOUSTON CREEK AT HWY 27 NEAR PARIS, KY",38.190277,-84.28167,NAD83,811.81,1,2015-09-23 21:30:00,2024-04-03 01:00:00,1,2015-10-01 01:00:00,2024-04-03 01:00:00,0510010202,Stoner Creek,518.92
03252000,"STONER CREEK AT PARIS, KY",38.229244,-84.25604,NAD83,770.43,0,,,1,1987-10-02 00:00:00,1991-09-30 23:00:00,0510010202,Stoner Creek,518.92
03252300,"HINKSTON CREEK NEAR CARLISLE, KY",38.247437,-84.05515,NAD83,763.85,1,2007-10-01 01:00:00,2024-04-03 01:00:00,1,1991-10-31 00:00:00,2024-04-03 01:00:00,0510010203,Hinkston Creek,673.76
03252500,"SOUTH FORK LICKING RIVER AT CYNTHIANA, KY",38.390907,-84.30299,NAD83,687.82,1,2010-10-16 00:00:00,2024-04-03 01:00:00,0,,,0510010204,Raven Creek-South Fork Licking River,635.97
03253000,"SOUTH FORK LICKING RIVER AT HAYES, KY",38.65868,-84.35188,NAD83,536.5,1,2013-03-05 11:30:00,2024-04-03 01:00:00,1,2013-03-06 00:00:00,2024-04-03 01:00:00,0510010205,Fork Lick Creek-South Fork Licking River,357.4
03253500,"LICKING RIVER AT CATAWBA, KY",38.710346,-84.31077,NAD83,499.16,1,2007-10-01 01:00:00,2024-04-03 01:00:00,1,1986-03-28 00:00:00,2024-04-03 01:00:00,0510010112,Grassy Creek-Licking River,750.72
03254480,"CRUISES CREEK AT HWY 17 NR PINER, KY",38.844444,-84.53222,NAD83,656.92,1,2007-10-22 18:00:00,2021-11-04 11:00:00,1,2000-12-02 00:00:00,2021-11-04 11:00:00,0510010113,Banklick Creek-Licking River,485.27
03254520,"LICKING RIVER AT HWY 536 NEAR ALEXANDRIA, KY",38.92034,-84.448,NAD83,448.82,1,2013-10-01 01:00:00,2024-04-03 01:00:00,1,2007-10-23 00:00:00,2024-04-03 01:00:00,0510010113,Banklick Creek-Licking River,485.27
03254550,"BANKLICK CREEK @ HIGHWAY 1829 NR ERLANGER, KY",38.980556,-84.541664,NAD83,539.56,1,2007-10-01 01:00:00,2024-04-03 01:00:00,1,1999-04-03 00:00:00,2024-04-03 01:00:00,0510010113,Banklick Creek-Licking River,485.27
03254693,"THREEMILE CREEK AT THREE MILE ROAD AT COVINGTON,KY",39.050205,-84.48505,NAD83,473.61,1,2013-06-20 20:00:00,2024-04-03 01:00:00,1,2013-06-21 00:00:00,2024-04-03 01:00:00,0510010113,Banklick Creek-Licking River,485.27
03255000,"OHIO RIVER AT CINCINNATI, OH",39.094505,-84.5105,NAD83,428.05,1,2007-10-01 01:00:00,2024-04-03 01:00:00,0,,,0509020302,Muddy Creek-Ohio River,293.77
03260015,"PLEASANT RUN CREEK AT OAK STREET NEAR LUDLOW, KY",39.085114,-84.558136,NAD83,470.16,1,2007-10-01 01:00:00,2024-04-03 01:00:00,1,2007-10-01 01:00:00,2024-04-03 01:00:00,0509020302,Muddy Creek-Ohio River,293.77
03260050,"DRY CREEK AT SEWAGE PLANT NEAR ERLANGER, KY",39.060585,-84.61992,NAD83,487.87,1,2007-10-01 01:00:00,2024-04-03 01:00:00,1,2007-10-01 01:00:00,2024-04-03 01:00:00,0509020302,Muddy Creek-Ohio River,293.77
03260100,"ELIJAHS CREEK @ ELIJAHS CREEK RD NR HEBRON, KY",39.079723,-84.68528,NAD83,759.86,1,2007-10-01 01:00:00,2024-04-03 01:00:00,1,1999-04-09 00:00:00,2024-04-03 01:00:00,0509020302,Muddy Creek-Ohio River,293.77
03260270,"SAND RUN AT THORNWILDE DR AT FRANCISVILLE, KY",39.104584,-84.729195,NAD83,718.75,1,2021-09-15 07:30:00,2024-04-03 01:00:00,0,,,0509020302,Muddy Creek-Ohio River,293.77
03262001,"WOOLPER CREEK AT WOOLPER ROAD NEAR BURLINGTON, KY",39.03,-84.80417,NAD83,490.19,1,2007-10-01 01:00:00,2024-04-03 01:00:00,1,2000-12-02 00:00:00,2024-04-03 01:00:00,0509020308,Gunpowder Creek-Ohio River,572.18
03277075,"GUNPOWDER CR AT CAMP ERNST RD NR UNION, KY",38.994167,-84.71611,NAD83,683.06,1,2007-10-01 01:00:00,2024-04-03 01:00:00,1,1999-04-01 00:00:00,2024-04-03 01:00:00,0509020308,Gunpowder Creek-Ohio River,572.18
03277130,"MUD LICK CR AT HWY 42 NR BEAVERLICK, KY",38.845062,-84.72078,NAD83,488.11,1,2007-10-01 01:00:00,2024-04-03 01:00:00,1,2000-12-12 00:00:00,2024-04-03 01:00:00,0509020310,Big Bone Creek-Ohio River,683.89
03277200,"OHIO RIVER AT MARKLAND DAM NEAR WARSAW, KY",38.77534,-84.83911,NAD83,406.65,1,2007-10-01 01:00:00,2024-04-03 01:00:00,1,2015-10-01 01:00:00,2024-04-03 01:00:00,0509020310,Big Bone Creek-Ohio River,683.89
03277300,"NORTH FORK KENTUCKY RIVER AT WHITESBURG, KY",37.1176,-82.82461,NAD83,1127.4,1,2007-10-01 01:00:00,2024-04-03 01:00:00,1,1998-10-01 00:30:00,2024-04-03 01:00:00,0510020101,Rockhouse Creek-North Fork Kentucky River,485.15
03277446,"CARR CREEK LAKE NEAR SASSAFRAS, KY",37.230373,-83.0335,NAD83,,1,2021-04-03 00:00:00,2024-04-03 01:00:00,0,,,0510020102,Carr Fork,221.32
03277450,"CARR FORK NEAR SASSAFRAS, KY",37.23332,-83.03375,NAD83,943.6,1,2012-10-01 01:00:00,2024-04-03 01:00:00,0,,,0510020102,Carr Fork,221.32
03277500,"NORTH FORK KENTUCKY RIVER AT HAZARD, KY",37.246582,-83.18278,NAD83,829.2,1,2007-10-01 01:00:00,2024-04-03 01:00:00,1,1987-10-01 00:00:00,2024-04-03 01:00:00,0510020103,Line Fork-North Fork Kentucky River,669.55
03280000,"NORTH FORK KENTUCKY RIVER AT JACKSON, KY",37.55231,-83.385735,NAD83,697.7,1,2007-10-01 01:00:00,2024-04-03 01:00:00,1,2016-10-25 01:00:00,2024-04-03 01:00:00,0510020107,Frozen Creek-North Fork Kentucky River,610.08
03280600,"MIDDLE FORK KENTUCKY RIVER NEAR HYDEN, KY",37.13735,-83.371025,NAD83,833.0,1,2008-03-23 01:00:00,2018-04-19 14:15:00,1,1988-04-09 00:00:00,1991-09-30 23:00:00,0510020202,Upper Middle Fork Kentucky River,629.68
03280612,"MIDDLE FORK KENTUCKY RIVER AT HWY 2431 AT HYDEN,KY",37.146202,-83.381294,NAD83,821.47,1,2018-05-01 15:30:00,2024-04-03 01:00:00,0,,,0510020202,Upper Middle Fork Kentucky River,629.68
03280700,"CUTSHIN CREEK AT WOOTON, KY",37.165092,-83.30795,NAD83,869.29,1,2007-10-01 01:00:00,2024-04-03 01:00:00,1,1987-10-01 00:00:00,2024-04-03 01:00:00,0510020201,Cutshin Creek,238.68
03280790,"TRACE BR AT TRACE BR CAMPGROUND AT CONFLUENCE, KY",37.271988,-83.36985,NAD83,776.7,1,2017-08-15 10:20:00,2024-03-12 08:00:00,0,,,0510020203,Middle Middle Fork Kentucky River,189.41
03280800,"BUCKHORN LAKE AT BUCKHORN, KY",37.34009,-83.470184,NAD83,,1,2023-12-05 00:00:00,2024-04-03 01:00:00,0,,,0510020203,Middle Middle Fork Kentucky River,189.41
03280902,"MIDDLE FK KENTUCKY RIVER AT HWY28 NR BUCKHORN, KY",37.343277,-83.44786,NAD83,712.1,1,2021-11-16 11:00:00,2024-04-03 01:00:00,0,,,0510020204,Lower Middle Fork Kentucky River,390.4
03281000,"MIDDLE FORK KENTUCKY RIVER AT TALLEGA, KY",37.555088,-83.593796,NAD83,641.55,1,2007-10-01 01:00:00,2024-04-03 01:00:00,1,1986-10-16 00:00:00,2024-04-03 01:00:00,0510020204,Lower Middle Fork Kentucky River,390.4
03281100,"GOOSE CREEK AT MANCHESTER, KY",37.152035,-83.7602,NAD83,818.81,1,2007-10-01 01:00:00,2024-04-03 01:00:00,1,1987-10-01 01:00:00,2024-04-03 01:00:00,0510020303,Lower Goose Creek,315.98
03281500,"SOUTH FORK KENTUCKY RIVER AT BOONEVILLE, KY",37.47981,-83.67519,NAD83,641.91,1,2007-10-01 01:00:00,2024-04-03 01:00:00,1,1987-10-01 01:00:00,2024-04-03 01:00:00,0510020306,Meadow Creek-South Fork Kentucky River,328.97
03282000,"KENTUCKY RIVER AT LOCK 14 AT HEIDELBERG, KY",37.553143,-83.76936,NAD83,625.39,1,2007-10-01 01:00:00,2024-04-03 01:00:00,1,1987-02-11 00:00:00,2024-04-03 01:00:00,0510020401,Sturgeon Creek-Kentucky River,355.5
03282040,"STURGEON CREEK AT CRESSMONT, KY",37.50064,-83.810196,NAD83,703.87,1,2007-10-01 01:00:00,2024-04-03 01:00:00,1,1992-10-01 01:00:00,2024-04-03 01:00:00,0510020401,Sturgeon Creek-Kentucky River,355.5
03282060,"KENTUCKY RIVER AT LOCK 13 NEAR WILLOW SHOALS, KY",37.60189,-83.83337,NAD83,607.52,1,2007-10-01 01:00:00,2024-04-03 01:00:00,1,2004-08-19 00:00:00,2024-04-03 01:00:00,0510020405,Millers Creek-Kentucky River,650.09
03282075,"BIG SINKING CREEK NEAR CRYSTAL, KY",37.63953,-83.78464,NAD83,,0,,,1,1987-03-07 00:00:00,1989-03-31 23:30:00,0510020405,Millers Creek-Kentucky River,650.09
03282100,"FURNACE FORK NEAR CRYSTAL , KY",37.68925,-83.85742,NAD83,,0,,,1,1987-03-01 00:00:00,1989-03-31 23:30:00,0510020405,Millers Creek-Kentucky River,650.09
03282120,"KENTUCKY RIVER AT LOCK 12 NEAR IRVINE, KY",37.678333,-83.94833,NAD83,589.93,1,2007-10-01 01:00:00,2024-04-03 01:00:00,1,2000-10-01 00:00:00,2024-04-03 01:00:00,0510020405,Millers Creek-Kentucky River,650.09
03282290,"KENTUCKY RIVER AT LOCK 11 NEAR COLLEGE HILL, KY",37.78397,-84.103264,NAD83,572.7,1,2007-10-01 01:00:00,2024-04-03 01:00:00,1,2002-10-01 01:00:00,2024-04-03 01:00:00,0510020405,Millers Creek-Kentucky River,650.09
03282500,"RED RIVER NEAR HAZEL GREEN, KY",37.809254,-83.45769,NAD83,869.69,1,2007-10-01 01:00:00,2024-04-03 01:00:00,1,1987-10-01 00:30:00,2024-04-03 01:00:00,0510020402,Upper Red River,769.32
03283370,"CAT CREEK NEAR STANTON, KY",37.832027,-83.81131,NAD83,,0,,,1,1987-03-01 00:30:00,1989-03-31 23:30:00,0510020403,Lower Red River,495.75
03283500,"RED RIVER AT CLAY CITY, KY",37.864803,-83.93353,NAD83,599.8,1,2007-10-01 01:00:00,2024-04-03 01:00:00,1,1987-10-01 00:08:00,2024-04-03 01:00:00,0510020403,Lower Red River,495.75
03284000,"KENTUCKY RIVER AT LOCK 10 NEAR WINCHESTER, KY",37.893967,-84.26048,NAD83,556.1,1,2007-10-01 01:00:00,2024-04-03 01:00:00,1,1987-01-30 00:00:00,2024-04-03 01:00:00,0510020501,Muddy Creek-Kentucky River,601.83
03284230,"KENTUCKY RIVER AT LOCK 9 AT VALLEY VIEW, KY",37.843967,-84.44063,NAD83,538.0,1,2007-10-01 01:00:00,2024-04-03 01:00:00,1,2009-10-01 00:00:00,2024-04-03 01:00:00,0510020503,Paint Lick Creek-Kentucky River,862.82
03284500,"KENTUCKY RIVER AT LOCK 8 NEAR CAMP NELSON, KY",37.745358,-84.58661,NAD83,520.18,1,2007-10-01 01:00:00,2024-04-03 01:00:00,1,2002-10-01 01:00:00,2024-04-03 01:00:00,0510020503,Paint Lick Creek-Kentucky River,862.82
03284520,"EAST HICKMAN CR AT ANDOVER VILLAGE NR CADENTOWN,KY",37.9973,-84.40549,NAD83,,0,,,1,1997-09-05 00:00:00,2010-09-30 23:55:00,0510020506,Hickman Creek,259.11
03284525,"E HICKMAN CR TRIB AT CHILESBURG RD NR LEXINGTON,KY",37.98841,-84.41105,NAD83,976.22,1,2007-10-01 01:00:00,2024-04-03 01:00:00,1,1997-09-04 00:00:00,2024-04-03 01:00:00,0510020506,Hickman Creek,259.11
03284530,"EAST HICKMAN CR AT DELONG RD NR EAST HICKMAN, KY",37.949802,-84.455215,NAD83,,0,,,1,1997-09-04 00:00:00,2010-09-30 23:55:00,0510020506,Hickman Creek,259.11
03284533,"EAST HICKMAN CR AT TATES CR RD NR EAST HICKMAN, KY",37.93833,-84.478615,NAD83,884.64,1,2012-06-14 07:10:00,2024-04-03 01:00:00,1,2012-10-01 00:00:00,2024-04-03 01:00:00,0510020506,Hickman Creek,259.11
03284552,"WEST HICKMAN CR AT VETERANS PARK NR LEXINGTON, KY",37.95778,-84.501114,NAD83,881.67,1,2012-06-12 07:10:00,2024-04-03 01:00:00,1,2012-10-01 00:00:00,2024-04-03 01:00:00,0510020506,Hickman Creek,259.11
03284555,"WEST HICKMAN CR @ ASH GROVE PK NR EAST HICKMAN, KY",37.934525,-84.50216,NAD83,,0,,,1,1997-10-01 00:00:00,2010-09-30 23:55:00,0510020506,Hickman Creek,259.11
03285000,"DIX RIVER NEAR DANVILLE, KY",37.642025,-84.660774,NAD83,749.65,1,2007-10-01 01:00:00,2024-04-03 01:00:00,1,1986-06-10 00:00:00,2024-04-03 01:00:00,0510020505,Lower Dix River,628.3
03285200,"CLARKS RUN NEAR DANVILLE, KY",37.638966,-84.721054,NAD83,,0,,,1,1992-05-02 00:00:00,1997-09-30 23:30:00,0510020505,Lower Dix River,628.3
03285290,SPEARS CREEK AT STREAMLAND DRIVE,37.67091,-84.77578,NAD83,,0,,,1,2000-05-27 00:00:00,2000-09-04 23:55:00,0510020505,Lower Dix River,628.3
03285335,MOCKS BRANCH AT HIGHWAY 1896,37.70508,-84.80301,NAD83,,0,,,1,2000-06-08 00:00:00,2001-08-13 23:55:00,0510020505,Lower Dix River,628.3
03286200,"DIX RIVER AT DIX DAM NEAR BURGIN, KY",37.793133,-84.706055,NAD83,,1,2007-11-08 17:15:00,2024-04-03 01:00:00,1,2008-09-30 00:15:00,2024-04-03 01:00:00,0510020505,Lower Dix River,628.3
03286500,"KENTUCKY RIVER AT LOCK 7 AT HIGHBRIDGE, KY",37.829247,-84.72384,NAD83,503.25,1,2009-10-01 00:00:00,2024-04-03 01:00:00,1,1992-12-29 00:00:00,2024-04-03 01:00:00,0510020507,Clear Creek-Kentucky River,895.65
03287000,"KENTUCKY RIVER AT LOCK 6 NEAR SALVISA, KY",37.925632,-84.821335,NAD83,487.89,1,2007-10-01 01:00:00,2024-04-03 01:00:00,1,1986-07-17 00:00:00,2024-04-03 01:00:00,0510020507,Clear Creek-Kentucky River,895.65
03287250,"KENTUCKY RIVER AT LOCK 5 NEAR TYRONE, KY",38.05288,-84.8312,NAD83,473.22,1,2007-10-01 01:00:00,2024-04-03 01:00:00,1,2003-10-01 00:00:00,2024-04-03 01:00:00,0510020507,Clear Creek-Kentucky River,895.65
03287500,"KENTUCKY RIVER AT LOCK 4 AT FRANKFORT, KY",38.20174,-84.881615,NAD83,461.58,1,2007-10-01 01:00:00,2024-04-03 01:00:00,1,1987-10-01 01:00:00,2024-04-03 01:00:00,0510020507,Clear Creek-Kentucky River,895.65
03287580,"N ELKHORN CR AT MAN O WAR BLVD NR CADENTOWN, KY",38.02841,-84.40188,NAD83,,0,,,1,1997-10-01 00:00:00,2012-06-10 23:55:00,0510020508,North Elkhorn Creek,714.57
03287590,"N ELKHORN CR AT WINCHESTER RD NR LEXINGTON, KY",38.04007,-84.41111,NAD83,920.8,1,2007-10-01 01:00:00,2024-04-03 01:00:00,1,1997-10-02 00:00:00,2024-04-03 01:00:00,0510020508,North Elkhorn Creek,714.57
03287600,"N ELKHORN CR AT BRYAN STATION RD AT MONTROSE, KY",38.076466,-84.41327,NAD83,891.54,1,2007-10-01 01:00:00,2024-04-03 01:00:00,1,1997-10-01 00:00:00,2024-04-03 01:00:00,0510020508,North Elkhorn Creek,714.57
03288100,"NORTH ELKHORN CREEK AT GEORGETOWN, KY",38.21952,-84.562996,NAD83,784.09,1,2007-10-01 01:00:00,2024-04-03 01:00:00,1,1992-12-12 00:00:00,2024-04-03 01:00:00,0510020508,North Elkhorn Creek,714.57
03288110,"ROYAL SPRINGS AT GEORGETOWN, KY",38.20952,-84.56189,NAD83,797.12,1,2007-10-01 01:00:00,2024-04-03 01:00:00,1,1992-12-12 00:00:00,2024-04-03 01:00:00,0510020508,North Elkhorn Creek,714.57
03288180,"CANE RUN CREEK AT CITATION BLVD NR LEXINGTON, KY",38.091667,-84.50139,NAD83,888.88,1,2012-06-14 11:10:00,2024-04-03 01:00:00,1,2012-10-01 00:00:00,2024-04-03 01:00:00,0510020508,North Elkhorn Creek,714.57
03288190,"TRIB TO CANE RUN CR AT NEWTOWN PK NR LEXINGTON, KY",38.11361,-84.48278,NAD83,889.02,1,2012-06-11 14:35:00,2024-04-03 01:00:00,1,2012-10-01 00:00:00,2024-04-03 01:00:00,0510020508,North Elkhorn Creek,714.57
03288200,"CANE RUN AT BEREA ROAD NEAR DONERAIL, KY",38.138687,-84.517166,NAD83,,0,,,1,1999-02-17 00:00:00,2010-09-30 23:55:00,0510020508,North Elkhorn Creek,714.57
03289000,"SOUTH ELKHORN CREEK AT FORT SPRING, KY",38.043133,-84.626335,NAD83,834.2,1,2007-10-01 01:00:00,2024-04-03 01:00:00,1,1987-10-01 00:30:00,2024-04-03 01:00:00,0510020509,South Elkhorn Creek-Elkhorn Creek,579.26
03289193,"WOLF RUN AT OLD FRANKFORT PIKE AT LEXINGTON, KY",38.066742,-84.55438,NAD83,861.79,1,2007-10-02 00:00:00,2024-04-03 01:00:00,1,1997-10-01 00:00:00,2024-04-03 01:00:00,0510020509,South Elkhorn Creek-Elkhorn Creek,579.26
03289200,"TOWN BRANCH AT YARNALLTON ROAD AT YARNALLTON, KY",38.103687,-84.588,NAD83,821.82,1,2007-10-01 01:00:00,2024-04-03 01:00:00,1,1997-10-01 00:00:00,2024-04-03 01:00:00,0510020509,South Elkhorn Creek-Elkhorn Creek,579.26
03289300,"SOUTH ELKHORN CREEK NEAR MIDWAY, KY",38.140907,-84.645226,NAD83,779.73,1,2007-10-01 01:00:00,2024-04-03 01:00:00,1,1987-10-01 01:00:00,2024-04-03 01:00:00,0510020509,South Elkhorn Creek-Elkhorn Creek,579.26
03289500,"ELKHORN CREEK NEAR FRANKFORT, KY",38.268684,-84.814674,NAD83,540.29,1,2007-10-01 01:00:00,2024-04-03 01:00:00,1,1987-10-17 00:00:00,2024-04-03 01:00:00,0510020509,South Elkhorn Creek-Elkhorn Creek,579.26
03290080,"KENTUCKY RIVER AT LOCK 3 AT GEST, KY",38.416737,-84.88078,NAD83,445.29,1,2009-10-01 00:00:00,2024-04-03 01:00:00,1,2012-09-01 01:00:00,2024-04-03 01:00:00,0510020515,Cedar Creek-Kentucky River,926.4
03290500,"KENTUCKY RIVER AT LOCK 2 AT LOCKPORT, KY",38.438957,-84.96329,NAD83,433.36,1,2007-10-01 01:00:00,2024-04-03 01:00:00,1,1989-10-01 01:00:00,2024-04-03 01:00:00,0510020515,Cedar Creek-Kentucky River,926.4
03291000,"EAGLE CREEK AT SADIEVILLE, KY",38.38952,-84.543274,NAD83,756.04,1,2011-09-15 12:45:00,2024-04-03 01:00:00,1,2011-10-01 00:00:00,2024-04-03 01:00:00,0510020513,Upper Eagle Creek,940.07
03291500,"EAGLE CREEK AT GLENCOE, KY",38.706455,-84.82481,NAD83,507.51,1,2007-10-01 01:00:00,2024-04-03 01:00:00,1,1995-10-06 00:00:00,2024-04-03 01:00:00,0510020514,Lower Eagle Creek,404.67
03291585,"KENTUCKY RIVER AT LOCK 1 NEAR CARROLLTON, KY",38.658703,-85.14479,NAD83,418.85,1,2018-11-16 10:15:00,2024-04-03 01:00:00,0,,,0510020515,Cedar Creek-Kentucky River,926.4
03292460,"HARRODS CREEK NEAR LA GRANGE, KY",38.44729,-85.40913,NAD83,662.64,0,,,1,1987-10-01 00:30:00,1994-09-30 23:30:00,0514010105,Harrods Creek,278.68
03292470,"HARRODS CREEK AT HIGHWAY 329 NR GOSHEN, KY.",38.36118,-85.5746,NAD83,441.11,1,2007-10-01 01:00:00,2024-04-03 01:00:00,1,1999-01-01 00:00:00,2024-04-03 01:00:00,0514010105,Harrods Creek,278.68
03292474,"GOOSE CREEK AT OLD WESTPORT RD NR ST MATTHEWS, KY",38.2759,-85.60607,NAD83,545.32,1,2007-10-20 00:00:00,2024-04-03 01:00:00,1,1996-10-01 01:00:00,2024-04-03 01:00:00,0514010106,Goose Creek-Ohio River,439.65
03292475,"GOOSE CREEK AT US HWY 42 NEAR GLENVIEW ACRES, KY",38.303402,-85.62801,NAD83,429.48,1,2007-10-01 01:00:00,2024-04-03 01:00:00,1,1999-11-01 00:00:00,2024-04-03 01:00:00,0514010106,Goose Creek-Ohio River,439.65
03292480,"LITTLE GOOSE CREEK NEAR HARRODS CREEK, KY",38.312763,-85.62615,NAD83,442.85,1,2007-10-01 01:00:00,2024-04-03 01:00:00,1,1998-12-03 00:00:00,2024-04-03 01:00:00,0514010106,Goose Creek-Ohio River,439.65
03292494,"OHIO RIVER AT WATER TOWER AT LOUISVILLE, KY",38.28118,-85.70219,NAD83,406.68,1,2013-11-13 10:15:00,2024-04-03 01:00:00,1,2013-11-28 14:00:00,2024-04-03 01:00:00,0514010106,Goose Creek-Ohio River,439.65
03292500,"SOUTH FORK BEARGRASS CREEK AT LOUISVILLE, KY",38.21146,-85.70246,NAD83,444.76,1,2007-10-01 01:00:00,2024-04-03 01:00:00,1,1988-06-01 00:00:00,2024-04-03 01:00:00,0514010109,Beargrass Creek-Ohio River,547.81
03292550,"S FK BEARGRASS CR AT WINTER AVE AT LOUISVILLE, KY",38.234516,-85.730515,NAD83,,0,,,1,1998-10-01 00:30:00,2010-09-30 23:45:00,0514010109,Beargrass Creek-Ohio River,547.81
03292557,"S FK BEARGRASS CR AT MASON AVE NR LOUISVILLE, KY",38.2415,-85.73688,NAD83,,1,2014-11-07 12:15:00,2017-01-04 08:15:00,0,,,0514010109,Beargrass Creek-Ohio River,547.81
03293000,"M FK BEARGRASS CR AT OLD CANNONS LN AT LOUISVILLE,",38.237293,-85.66468,NAD83,475.76,1,2007-10-01 01:00:00,2024-04-03 01:00:00,1,1987-10-01 00:15:00,2024-04-03 01:00:00,0514010109,Beargrass Creek-Ohio River,547.81
03293500,"M FK BEARGRASS CR AT LEXINGTON RD AT LOUISVILLE,KY",38.250347,-85.71663,NAD83,430.5,1,2007-10-01 01:00:00,2024-04-03 01:00:00,1,2003-07-01 00:00:00,2024-04-03 01:00:00,0514010109,Beargrass Creek-Ohio River,547.81
03293510,"BEARGRASS CREEK AT RIVER ROAD AT LOUISVILLE, KY",38.265903,-85.720795,NAD83,411.74,1,2008-01-15 12:00:00,2024-04-03 01:00:00,1,2008-03-12 00:00:00,2024-04-03 01:00:00,0514010109,Beargrass Creek-Ohio River,547.81
03293530,"MUDDY FK AT MOCKINGBIRD VALLEY RD AT LOUISVILLE,KY",38.27646,-85.69357,NAD83,424.05,1,2007-10-25 11:45:00,2024-04-03 01:00:00,1,2002-10-01 01:00:00,2024-04-03 01:00:00,0514010109,Beargrass Creek-Ohio River,547.81
03293551,"OHIO R US OF MCALPINE DAM @ RRB AT LOUISVILLE, KY",38.265903,-85.76885,NAD83,406.68,1,2008-03-03 12:58:00,2024-04-03 01:00:00,0,,,0514010109,Beargrass Creek-Ohio River,547.81
03294500,"OHIO RIVER AT LOUISVILLE, KY",38.280346,-85.79913,NAD83,373.18,1,2007-10-01 01:00:00,2024-04-03 01:00:00,1,2009-09-21 00:00:00,2024-04-03 01:00:00,0514010109,Beargrass Creek-Ohio River,547.81
03294550,"MILL CREEK CUTOFF NEAR LOUISVILLE, KY",38.17757,-85.866905,NAD83,413.92,1,2007-10-01 01:00:00,2024-04-03 01:00:00,1,1988-05-11 00:00:00,2024-04-03 01:00:00,0514010109,Beargrass Creek-Ohio River,547.81
03294560,"OHIO RIVER BELOW RIVERVIEW PK NR LOUISVILLE, KY",38.134712,-85.90123,NAD83,372.31,1,2022-09-01 17:15:00,2024-04-03 01:00:00,0,,,0514010109,Beargrass Creek-Ohio River,547.81
03294570,"MILL CREEK AT ORELL ROAD NEAR LOUISVILLE, KY",38.078125,-85.88996,NAD83,405.51,1,2007-10-01 01:00:00,2024-04-03 01:00:00,1,1999-08-01 00:00:00,2024-04-03 01:00:00,0514010109,Beargrass Creek-Ohio River,547.81
03294600,"OHIO RIVER AT KOSMOSDALE, KY",38.034794,-85.91413,NAD83,372.75,1,2007-10-01 01:00:00,2024-04-03 01:00:00,0,,,0514010109,Beargrass Creek-Ohio River,547.81
03295400,"SALT RIVER AT GLENSBORO, KY",38.002014,-85.06051,NAD83,584.52,1,2007-10-01 01:00:00,2024-04-03 01:00:00,1,1989-05-05 00:00:00,2024-04-03 01:00:00,0514010202,Crooked Creek-Salt River,168.24
03295597,"TAYLORSVILLE LAKE NEAR TAYLORSVILLE, KY",38.016453,-85.30773,NAD83,,1,2020-11-09 16:05:00,2024-04-03 01:00:00,0,,,0514010203,Beech Creek-Salt River,341.96
03295702,"BULLSKIN CREEK NEAR SIMPSONVILLE, KY",38.21868,-85.3019,NAD83,,0,,,1,1998-05-01 00:00:00,2007-09-30 23:45:00,0514010204,Bullskin Creek-Clear Creek,354.6
03295890,"BRASHEARS CREEK AT TAYLORSVILLE, KY",38.03701,-85.34079,NAD83,466.23,1,2007-10-01 01:00:00,2024-04-03 01:00:00,1,1987-10-01 01:00:00,2024-04-03 01:00:00,0514010205,Brashears Creek,324.36
03297800,"CEDAR CREEK AT HWY 1442 NEAR SHEPHERDSVILLE, KY",37.99111,-85.64111,NAD83,422.19,1,2007-10-01 01:00:00,2024-04-03 01:00:00,1,2002-04-27 00:00:00,2024-04-03 01:00:00,0514010211,Long Lick Creek-Salt River,226.2
03297845,"FLOYDS FORK NEAR CRESTWOOD, KY",38.29868,-85.42663,NAD83,,0,,,1,1987-09-24 00:00:00,1991-09-30 23:30:00,0514010208,Upper Floyds Fork,445.12
03297900,"FLOYDS FORK NEAR PEWEE VALLEY, KY",38.285347,-85.46746,NAD83,598.9,1,2007-10-01 01:00:00,2024-04-03 01:00:00,1,1991-10-01 01:00:00,2024-04-03 01:00:00,0514010208,Upper Floyds Fork,445.12
03298000,"FLOYDS FORK AT FISHERVILLE, KY",38.1884,-85.460236,NAD83,542.04,1,2007-10-01 01:00:00,2024-04-03 01:00:00,1,1987-10-01 00:30:00,2024-04-03 01:00:00,0514010208,Upper Floyds Fork,445.12
03298135,"CHENOWETH RUN AT RUCKRIEGAL PARKWAY, KY",38.19479,-85.55718,NAD83,593.74,1,2007-10-01 01:00:00,2024-04-03 01:00:00,1,1996-01-23 00:00:00,2024-04-03 01:00:00,0514010210,Lower Floyds Fork,290.4
03298150,"CHENOWETH RUN AT GELHAUS LANE NEAR FERN CREEK, KY",38.16007,-85.54218,NAD83,532.66,1,2007-10-01 01:00:00,2024-04-03 01:00:00,1,1996-01-25 00:05:00,2024-04-03 01:00:00,0514010210,Lower Floyds Fork,290.4
03298200,"FLOYDS FORK NEAR MT WASHINGTON, KY",38.085342,-85.554955,NAD83,456.84,1,2007-10-01 01:00:00,2024-04-03 01:00:00,1,2001-10-04 00:00:00,2024-04-03 01:00:00,0514010210,Lower Floyds Fork,290.4
03298242,"CEDAR CREEK AT FAIRMOUNT RD NR MT WASHINGTON, KY",38.122845,-85.42801,NAD83,,0,,,1,1992-12-19 00:00:00,1998-09-30 23:55:00,0514010209,Plum Creek-Salt River,270.66
03298250,"CEDAR CREEK AT THIXTON ROAD NEAR LOUISVILLE, KY",38.07923,-85.616066,NAD83,549.4,1,2007-10-01 01:00:00,2024-04-03 01:00:00,1,2007-10-01 01:00:00,2024-04-03 01:00:00,0514010210,Lower Floyds Fork,290.4
03298300,PENNSLYVANIA RUN AT MT WASHINGTON RD NR LOUISVILLE,38.087566,-85.642456,NAD83,522.7,1,2007-10-01 01:00:00,2024-04-03 01:00:00,1,1998-10-07 00:00:00,2024-04-03 01:00:00,0514010210,Lower Floyds Fork,290.4
03298470,"FLOYDS FORK NEAR SHEPHERDSVILLE, KY",38.0034,-85.68218,NAD83,406.11,1,2007-10-01 01:00:00,2024-04-03 01:00:00,0,,,0514010210,Lower Floyds Fork,290.4
03298500,"SALT RIVER AT SHEPHERDSVILLE, KY",37.985065,-85.71746,NAD83,406.11,1,2007-10-01 01:00:00,2024-04-03 01:00:00,1,1987-02-21 00:00:00,2024-04-03 01:00:00,0514010211,Long Lick Creek-Salt River,226.2
03298550,"LONG LICK AT CLERMONT, KY",37.92784,-85.65357,NAD83,461.84,1,2007-10-01 01:00:00,2024-04-03 01:00:00,1,1992-04-01 00:00:00,2024-04-03 01:00:00,0514010211,Long Lick Creek-Salt River,226.2
03298940,"ROLLING FORK AT HWY 208 AT CALVARY, KY",37.5125,-85.26111,NAD83,605.38,1,2021-08-19 16:00:00,2024-04-03 01:00:00,1,2021-08-19 16:00:00,2024-04-03 01:00:00,0514010304,Upper Rolling Fork,619.24
03299000,"ROLLING FORK NEAR LEBANON, KY",37.497288,-85.32385,NAD83,580.74,0,,,1,1987-10-01 01:00:00,1992-09-30 23:00:00,0514010304,Upper Rolling Fork,619.24
03299500,"ROLLING FORK AT NEW HAVEN, KY",37.649506,-85.59746,NAD83,438.85,1,2016-09-09 12:15:00,2024-04-03 01:00:00,1,2016-09-09 21:00:00,2024-04-03 01:00:00,0514010305,Middle Rolling Fork,797.71
03300400,"BEECH FORK AT MAUD, KY",37.83284,-85.29607,NAD83,529.52,1,2007-10-01 01:00:00,2024-04-03 01:00:00,1,1987-10-01 01:00:00,2024-04-03 01:00:00,0514010303,Lower Beech Fork,822.37
03301000,"BEECH FORK AT BARDSTOWN, KY",37.797005,-85.48079,NAD83,438.66,1,2007-10-01 01:00:00,2024-04-03 01:00:00,1,1997-11-08 00:00:00,2024-04-03 01:00:00,0514010303,Lower Beech Fork,822.37
03301500,"ROLLING FORK NEAR BOSTON, KY",37.767284,-85.70385,NAD83,400.04,1,2007-10-01 04:00:00,2024-04-03 01:00:00,1,1989-12-25 01:00:00,2024-04-03 01:00:00,0514010306,Lower Rolling Fork,388.32
03301630,"ROLLING FORK NEAR LEBANON JUNCTION, KY",37.82284,-85.747734,NAD83,384.42,1,2007-10-01 01:00:00,2024-04-03 01:00:00,0,,,0514010306,Lower Rolling Fork,388.32
03301700,"MILL CREEK NEAR FORT KNOX, KY",37.8834,-85.914406,NAD83,,0,,,1,1998-05-01 00:00:00,2010-09-30 23:45:00,0514010213,Mill Creek-Salt River,222.95
03301900,"FERN CREEK AT OLD BARDSTOWN RD AT LOUISVILLE, KY",38.175625,-85.615234,NAD83,550.25,1,2007-10-01 01:00:00,2024-04-03 01:00:00,1,1997-09-18 00:00:00,2024-04-03 01:00:00,0514010212,Pond Creek,327.19
03301940,"NORTHERN DITCH AT OKOLONA, KY",38.150345,-85.69357,NAD83,447.0,1,2008-01-03 15:00:00,2024-04-03 01:00:00,1,1993-10-01 00:05:00,2024-04-03 01:00:00,0514010212,Pond Creek,327.19
03302000,"POND CREEK NEAR LOUISVILLE, KY",38.119793,-85.7958,NAD83,429.76,1,2007-10-01 01:00:00,2024-04-03 01:00:00,1,1990-10-01 00:00:00,2024-04-03 01:00:00,0514010212,Pond Creek,327.19
03302030,"POND CREEK AT PENDLETON ROAD NEAR LOUISVILLE, KY",38.054237,-85.87163,NAD83,404.22,1,2007-10-01 01:00:00,2024-04-03 01:00:00,1,1998-12-05 00:00:00,2024-04-03 01:00:00,0514010212,Pond Creek,327.19
03302050,"BRIER CREEK AT PENDELTON ROAD NEAR LOUISVILLE, KY",38.046932,-85.85727,NAD83,436.66,1,2007-10-01 01:00:00,2024-04-03 01:00:00,1,1999-01-01 00:00:00,2024-04-03 01:00:00,0514010212,Pond Creek,327.19
03302058,"Salt River at Main Range Rd nr West Point, KY",37.99222,-85.92206,NAD83,,1,2023-03-15 14:45:00,2024-04-03 01:00:00,0,,,0514010213,Mill Creek-Salt River,222.95
03302060,"SALT RIVER AT MOUTH AT WEST POINT, KY",38.001183,-85.942184,NAD83,373.7,1,2021-08-13 08:45:00,2023-10-05 13:30:00,0,,,0514010213,Mill Creek-Salt River,222.95
03302110,OTTER CREEK AT OTTER CR PARK NEAR ROCK HAVEN KY.,37.923405,-86.03052,NAD83,,0,,,1,1999-01-01 00:00:00,2010-09-30 23:45:00,0514010401,Otter Creek-Ohio River,553.82
03303205,"SINKING CREEK NEAR LODIBURG, KY",37.868397,-86.38776,NAD83,,0,,,1,2004-05-28 00:00:00,2007-04-30 23:45:00,0514010413,Sinking Creek,620.43
03303280,"OHIO RIVER AT CANNELTON DAM AT CANNELTON, IN",37.8995,-86.70554,NAD83,346.98,1,2007-10-01 01:00:00,2024-04-03 00:00:00,1,2015-10-01 02:00:00,2024-04-03 00:00:00,0514020102,Clover Creek-Ohio River,420.31
03303502,"OHIO RIVER AT RIVERPORT AT OWENSBORO, KY",37.79361,-87.14161,NAD83,337.96,1,2022-10-20 09:45:00,2024-04-03 00:00:00,0,,,0514020112,Caney Creek-Ohio River,274.13
03304300,"OHIO RIVER AT NEWBURGH LOCK AND DAM, IN",37.92838,-87.37501,NAD83,329.2,1,2014-10-02 14:00:00,2024-04-03 00:00:00,0,,,0514020112,Caney Creek-Ohio River,274.13
03305000,"GREEN RIVER NEAR MCKINNEY, KY",37.42202,-84.75022,NAD83,893.12,1,2010-09-28 12:15:00,2024-04-03 01:00:00,1,2010-09-28 12:15:00,2024-04-03 01:00:00,0511000101,South Fork Green River-Green River,1015.14
03305990,"GREEN RIVER LAKE NEAR CAMPBELLSVILLE, KY",37.24784,-85.339966,NAD83,,1,2023-12-05 00:00:00,2024-04-03 01:00:00,0,,,0511000103,Casey Creek-Green River,439.54
03306000,"GREEN RIVER NEAR CAMPBELLSVILLE, KY",37.24034,-85.34718,NAD83,499.55,1,2007-10-01 01:00:00,2024-04-03 01:00:00,1,1986-10-10 00:00:00,1994-09-30 23:00:00,0511000103,Casey Creek-Green River,439.54
03306500,"GREEN RIVER AT GREENSBURG, KY",37.25367,-85.50302,NAD83,531.24,1,2007-10-01 01:00:00,2024-04-03 00:00:00,1,2004-10-01 00:00:00,2008-09-30 23:45:00,0511000107,Big Brush Creek-Green River,598.93
03307000,"RUSSELL CREEK NEAR COLUMBIA, KY",37.125477,-85.404076,NAD83,604.72,1,2007-10-01 01:00:00,2024-04-03 00:00:00,1,1986-05-30 00:00:00,2024-04-03 00:00:00,0511000104,Russell Creek,749.35
03307260,"LITTLE PITMAN CREEK NEAR CAMPBELLSVILLE, KY",37.347286,-85.39024,NAD83,,0,,,1,1990-08-10 00:00:00,1995-10-05 23:45:00,0511000105,Big Pitman Creek,350.92
03308500,"GREEN RIVER AT MUNFORDVILLE, KY",37.269444,-85.888054,NAD83,451.27,1,2007-10-01 01:00:00,2024-04-03 00:00:00,1,1986-03-29 00:00:00,2024-04-03 00:00:00,0511000108,Ugly Creek-Green River,937.69
03309000,"GREEN RIVER AT MAMMOTH CAVE, KY",37.18005,-86.11247,NAD83,409.35,1,2017-11-14 14:15:00,2024-04-03 00:00:00,1,2017-11-14 14:15:00,2024-04-03 00:00:00,0511000113,Beaverdam Creek-Green River,470.13
03310000,"NORTH FORK NOLIN RIVER AT HODGENVILLE, KY",37.578056,-85.75361,NAD83,693.0,1,2010-09-10 12:45:00,2024-04-03 01:00:00,1,2010-09-10 12:45:00,2024-04-03 01:00:00,0511000109,Upper Nolin River,265.35
03310300,"NOLIN RIVER AT WHITE MILLS, KY",37.562004,-86.03664,NAD83,589.68,1,2007-10-01 01:00:00,2024-04-03 01:00:00,1,1987-10-01 01:00:00,2024-04-03 01:00:00,0511000110,Middle Nolin River,952.89
03310400,"BACON CREEK NEAR PRICEVILLE, KY",37.351944,-85.96611,NAD83,580.39,1,2010-09-09 17:45:00,2024-04-03 00:00:00,1,1987-10-01 00:30:00,2024-04-03 00:00:00,0511000111,Lower Nolin River,662.44
03310900,"NOLIN LAKE NEAR KYROCK, KY",37.27838,-86.247475,NAD83,,1,2023-12-05 00:00:00,2024-04-03 00:00:00,0,,,0511000111,Lower Nolin River,662.44
03311000,"NOLIN RIVER AT KYROCK, KY",37.274216,-86.25081,NAD83,399.61,1,2007-10-01 01:00:00,2024-04-03 00:00:00,0,,,0511000111,Lower Nolin River,662.44
03311500,"GREEN RIVER AT LOCK 6 AT BROWNSVILLE, KY",37.206993,-86.261086,NAD83,413.03,1,2007-10-01 01:00:00,2017-03-27 12:45:00,1,1986-09-30 00:00:00,1992-09-30 23:00:00,0511000113,Beaverdam Creek-Green River,470.13
03311505,"GREEN RIVER AT WATER PLANT AT BROWNSVILLE, KY",37.20323,-86.25959,NAD83,383.17,1,2017-03-30 14:00:00,2024-04-03 00:00:00,0,,,0511000113,Beaverdam Creek-Green River,470.13
03311600,"BEAVERDAM CREEK AT RHODA, KY",37.15505,-86.226364,NAD83,513.81,0,,,1,1987-10-01 00:15:00,1994-09-30 23:45:00,0511000113,Beaverdam Creek-Green River,470.13
03312765,"BEAVER CREEK AT HWY 31 E NEAR GLASGOW, KY",37.034775,-85.90359,NAD83,,0,,,1,1991-09-01 00:00:00,2002-09-30 23:30:00,0511000203,Skaggs Creek,808.07
03312900,"BARREN RIVER LAKE NEAR FINNEY, KY",36.89199,-86.12415,NAD83,500.0,1,2023-12-05 00:00:00,2024-04-03 00:00:00,0,,,0511000204,Bays Fork-Barren River,389.53
03313000,"BARREN RIVER NEAR FINNEY, KY",36.895046,-86.13387,NAD83,399.35,1,2007-10-01 01:00:00,2024-04-03 00:00:00,1,1987-03-06 00:00:00,1994-09-30 23:00:00,0511000204,Bays Fork-Barren River,389.53
03313700,"WEST FORK DRAKES CREEK NEAR FRANKLIN, KY",36.723373,-86.552216,NAD83,581.73,1,2007-10-01 01:00:00,2024-04-03 00:00:00,1,1988-10-01 01:00:00,2024-04-03 00:00:00,0511000206,Drakes Creek,947.23
03314000,"DRAKES CREEK NEAR ALVATON, KY",36.89532,-86.38055,NAD83,441.6,1,2007-10-01 01:00:00,2024-04-03 00:00:00,1,2009-10-01 00:00:00,2024-04-03 00:00:00,0511000206,Drakes Creek,947.23
03314500,"BARREN RIVER AT BOWLING GREEN, KY",37.00282,-86.43277,NAD83,409.16,1,2007-10-05 00:00:00,2024-04-03 00:00:00,1,1987-10-01 01:00:00,2024-04-03 00:00:00,0511000209,Little Muddy Creek-Barren River,561.14
03315500,"GREEN RIVER AT LOCK 4 AT WOODBURY, KY",37.182266,-86.62999,NAD83,378.72,1,2007-10-01 01:00:00,2024-04-03 00:00:00,1,1987-10-01 00:30:00,1992-09-30 23:30:00,0511000303,Indian Camp Creek-Green River,676.93
03315850,"GREEN RIVER AT ROCHESTER, KY",37.215668,-86.893555,NAD83,351.97,1,2021-12-15 16:45:00,2024-04-03 00:00:00,0,,,0511000303,Indian Camp Creek-Green River,676.93
03316275,"MUD RIVER NEAR HUNTSVILLE, KY",37.12338,-86.90055,NAD83,,0,,,1,1991-10-31 00:00:00,1994-09-30 23:30:00,0511000302,Mud River,966.92
03316500,"GREEN RIVER AT PARADISE, KY",37.26393,-86.977776,NAD83,362.79,1,2007-10-01 01:00:00,2024-04-03 00:00:00,1,1991-07-04 00:00:00,2024-04-03 00:00:00,0511000305,Lewis Creek-Green River,424.2
03316645,"GREEN RIVER AT ROCKPORT, KY",37.335323,-87.00277,NAD83,362.79,1,2007-10-01 01:00:00,2024-04-03 00:00:00,0,,,0511000305,Lewis Creek-Green River,424.2
03318005,"ROUGH RIVER LAKE NEAR FALLS OF ROUGH, KY",37.620056,-86.49943,NAD83,,1,2023-12-05 00:00:00,2024-04-03 00:00:00,0,,,0511000403,Spring Fork-Rough River,546.95
03318010,"ROUGH RIVER NEAR FALLS OF ROUGH AT DAM, KY",37.622,-86.50415,NAD83,399.55,1,2016-10-01 01:00:00,2024-04-03 00:00:00,0,,,0511000403,Spring Fork-Rough River,546.95
03318800,"CANEY CREEK NEAR HORSE BRANCH, KY",37.46394,-86.65554,NAD83,415.77,1,2010-09-09 12:00:00,2024-04-03 00:00:00,1,1987-10-01 01:00:00,2024-04-03 00:00:00,0511000404,Caney Creek-Rough River,652.74
03319000,"ROUGH RIVER NEAR DUNDEE, KY",37.54755,-86.72166,NAD83,392.84,1,2007-10-01 01:00:00,2024-04-03 00:00:00,1,1987-01-01 00:30:00,2004-09-30 23:00:00,0511000404,Caney Creek-Rough River,652.74
03319600,"ROUGH RIVER AT HARTFORD, KY",37.453102,-86.91083,NAD83,351.57,1,2018-12-17 12:15:00,2024-04-03 00:00:00,1,2018-12-17 13:00:00,2024-04-03 00:00:00,0511000405,Muddy Creek-Rough River,664.76
03319885,"GREEN RIVER AT LIVERMORE, KY",37.485603,-87.13638,NAD83,359.77,1,2007-10-01 01:00:00,2024-04-03 00:00:00,0,,,0511000502,Long Falls Creek-Green River,398.27
03320000,"GREEN RIVER AT LOCK 2 AT CALHOUN, KY",37.533936,-87.263885,NAD83,353.62,1,2007-10-01 01:00:00,2024-04-03 00:00:00,1,1987-02-06 02:00:00,2024-04-03 00:00:00,0511000502,Long Falls Creek-Green River,398.27
03320500,"POND RIVER NEAR APEX, KY",37.122265,-87.31944,NAD83,384.4,1,2007-10-07 00:00:00,2024-04-03 00:00:00,1,1987-10-23 00:00:00,2024-04-03 00:00:00,0511000602,Buck Fork Pond River-Pond River,565.63
03321210,"CYPRESS CREEK NEAR CALHOUN, KY",37.488934,-87.28611,NAD83,,0,,,1,1990-03-07 00:00:00,1994-09-30 23:45:00,0511000604,Cypress Creek,391.35
03321350,"SOUTH FORK PANTHER CREEK NEAR WHITESVILLE, KY",37.61894,-86.88749,NAD83,399.64,1,2011-09-09 11:15:00,2024-04-03 00:00:00,1,2011-09-10 00:00:00,2024-04-03 00:00:00,0511000503,Panther Creek,972.28
03321500,"GREEN RIVER AT LOCK 1 AT SPOTTSVILLE, KY",37.858376,-87.40973,NAD83,339.56,1,2013-08-10 00:00:00,2024-04-03 00:00:00,1,2013-08-10 00:00:00,2024-04-03 00:00:00,0511000505,Race Creek-Green River,412.52
03322000,"OHIO RIVER AT EVANSVILLE, IN",37.972263,-87.5764,NAD83,328.32,1,2014-10-02 16:45:00,2024-04-03 00:00:00,0,,,0514020204,Canoe Creek-Ohio River,470.31
03322190,"OHIO RIVER AT HENDERSON, KY",37.845596,-87.59224,NAD83,329.47,1,2014-10-02 15:45:00,2024-04-03 00:00:00,0,,,0514020204,Canoe Creek-Ohio River,470.31
03322360,"BEAVERDAM CREEK NEAR CORYDON, KY",37.70393,-87.69779,NAD83,,0,,,1,1988-02-20 00:00:00,1994-09-30 23:45:00,0514020205,Upper Highland Creek,387.02
03322420,"OHIO RIVER AT UNIONTOWN DAM, KY",37.797157,-87.99834,NAD83,310.95,1,2014-10-02 11:45:00,2024-04-03 00:00:00,0,,,0514020207,Lower Highland Creek-Ohio River,453.74
03381700,"OHIO RIVER AT OLD SHAWNEETOWN, IL-KY",37.6925,-88.13472,NAD83,309.1,1,2007-10-01 00:00:00,2024-04-02 23:00:00,1,2002-01-31 00:00:00,2024-04-02 23:00:00,0514020301,Goose Pond Ditch-Ohio River,167.89
03383000,"TRADEWATER RIVER AT OLNEY, KY",37.223934,-87.78056,NAD83,361.45,1,2007-10-01 01:00:00,2024-04-03 00:00:00,1,1987-10-28 00:00:00,2024-04-03 00:00:00,0514020503,Middle Tradewater River,806.58
03384100,"TRADEWATER RIVER NEAR PROVIDENCE, KY",37.396713,-87.84502,NAD83,322.17,1,2008-10-01 01:00:00,2024-04-03 00:00:00,1,2008-10-01 01:00:00,2024-04-03 00:00:00,0514020503,Middle Tradewater River,806.58
03384500,"OHIO RIVER AT DAM 51 AT GOLCONDA, IL",37.35783,-88.482544,NAD83,293.84,1,2014-10-02 08:45:00,2024-04-02 23:00:00,0,,,0514020307,Big Grand Pierre Creek-Ohio River,290.13
03399800,"OHIO RIVER AT SMITHLAND DAM, SMITHLAND, KY",37.15922,-88.42726,NAD83,289.09,1,2007-10-01 01:00:00,2024-04-03 00:00:00,1,2007-12-16 00:00:00,2024-04-03 00:00:00,0514020309,Barren Creek-Ohio River,332.16
03400500,"POOR FORK AT CUMBERLAND, KY",36.97398,-82.99294,NAD83,1409.72,1,2009-06-30 12:00:00,2024-04-03 01:00:00,1,2009-06-30 12:00:00,2024-04-03 01:00:00,0513010101,Poor Fork Cumberland River-Martins Fork Cumberland River,962.73
03400785,"MARTINS FORK ABOVE SMITH, KY",36.7262,-83.28796,NAD83,1351.19,1,2015-03-24 15:00:00,2024-04-03 01:00:00,1,2015-02-13 16:00:00,2024-04-03 01:00:00,0513010101,Poor Fork Cumberland River-Martins Fork Cumberland River,962.73
03400798,"MARTINS FORK LK AT MARTINS FK DAM NR SMITH, KY",36.749252,-83.25768,NAD83,1292.13,1,2017-07-15 12:00:00,2024-04-03 01:00:00,0,,,0513010101,Poor Fork Cumberland River-Martins Fork Cumberland River,962.73
03400800,"MARTINS FORK NEAR SMITH, KY",36.752308,-83.2574,NAD83,1258.47,1,2015-01-26 00:00:00,2024-04-03 01:00:00,1,2014-12-24 00:00:00,2024-04-03 01:00:00,0513010101,Poor Fork Cumberland River-Martins Fork Cumberland River,962.73
03400986,"MARTIN'S FORK NEAR HARLAN, KY",36.844532,-83.32352,NAD83,1099.27,1,2011-09-09 07:00:00,2024-04-03 01:00:00,1,2012-10-23 14:00:00,2024-04-03 01:00:00,0513010101,Poor Fork Cumberland River-Martins Fork Cumberland River,962.73
03401000,"CUMBERLAND RIVER NEAR HARLAN, KY",36.846756,-83.355736,NAD83,1138.58,1,2007-10-01 01:00:00,2024-04-03 01:00:00,1,1986-06-06 00:00:00,2024-04-03 01:00:00,0513010102,Yellow Creek-Cumberland River,790.42
03401428,"BENNETTS FORK AT MIDDLESBORO, KY",36.60175,-83.75159,NAD83,,0,,,1,1987-10-01 00:15:00,1989-09-30 23:45:00,0513010102,Yellow Creek-Cumberland River,790.42
03401450,"STONY FORK NEAR MOUTH AT MIDDLESBORO, KY",36.61425,-83.75325,NAD83,,0,,,1,1987-10-01 00:15:00,1989-08-22 23:45:00,0513010102,Yellow Creek-Cumberland River,790.42
03402900,"CUMBERLAND R AT PINE ST BR AT PINEVILLE, KY",36.76314,-83.691864,NAD83,969.53,1,2013-09-19 08:00:00,2024-04-03 01:00:00,0,,,0513010103,Straight Creek-Cumberland River,964.85
03403500,"CUMBERLAND RIVER AT BARBOURVILLE, KY",36.86231,-83.88743,NAD83,942.49,1,2012-10-24 08:45:00,2024-04-03 01:00:00,1,1984-03-17 01:00:00,2005-09-30 23:30:00,0513010103,Straight Creek-Cumberland River,964.85
03403910,"CLEAR FORK AT SAXTON, KY",36.633972,-84.111595,NAD83,921.43,1,2010-06-30 06:30:00,2024-04-03 01:00:00,1,1975-02-09 00:00:00,2024-04-03 01:00:00,0513010106,Clear Fork,654.24
03404000,"CUMBERLAND RIVER AT WILLIAMSBURG, KY",36.743416,-84.156044,NAD83,891.02,1,2007-10-01 01:00:00,2024-04-03 01:00:00,1,1973-03-15 01:00:00,2024-04-03 01:00:00,0513010107,Jellico Creek-Cumberland River,611.97
03404500,"CUMBERLAND RIVER AT CUMBERLAND FALLS, KY",36.837303,-84.34327,NAD83,824.71,1,2010-10-01 00:00:00,2024-04-03 01:00:00,1,2010-10-01 00:00:00,2024-04-03 01:00:00,0513010109,Marsh Creek-Cumberland River,538.09
03404820,"LAUREL RIVER AT MUNICIPAL DAM NEAR CORBIN, KY",36.970364,-84.11965,NAD83,999.57,1,2013-11-13 13:00:00,2024-04-03 01:00:00,0,,,0513010108,Laurel River,749.32
03404900,"LYNN CAMP CREEK AT CORBIN, KY",36.951477,-84.093544,NAD83,1048.48,1,2010-06-30 06:30:00,2024-04-03 01:00:00,1,1986-07-02 00:00:00,2024-04-03 01:00:00,0513010108,Laurel River,749.32
03406500,"ROCKCASTLE RIVER AT BILLOWS, KY",37.171196,-84.29604,NAD83,802.68,1,2008-10-01 00:00:00,2024-04-03 01:00:00,1,1987-10-01 00:00:00,2024-04-03 01:00:00,0513010205,Sinking Creek-Rockcastle River,468.37
03407500,"BUCK CREEK NEAR SHOPVILLE, KY",37.210636,-84.464386,NAD83,831.05,1,2012-07-17 14:00:00,2024-04-03 01:00:00,1,2012-07-17 14:00:00,2024-04-03 01:00:00,0513010301,Buck Creek,762.36
03410500,"SOUTH FORK CUMBERLAND RIVER NEAR STEARNS, KY",36.62702,-84.53327,NAD83,765.36,1,2009-06-30 12:00:00,2024-04-03 01:00:00,1,1984-03-31 01:00:00,2023-12-09 14:30:00,0513010405,Roaring Paunch Creek-Big South Fork Cumberland River,817.81
03410590,"ROCK CREEK NEAR YAMACRAW, KY",36.702778,-84.56306,NAD83,737.58,1,2015-08-04 09:45:00,2020-09-29 13:15:00,1,2015-08-04 10:00:00,2020-09-29 13:15:00,0513010405,Roaring Paunch Creek-Big South Fork Cumberland River,817.81
03410600,"SOUTH FORK CUMBERLAND RIVER NEAR YAMACRAW, KY",36.72563,-84.54383,NAD83,,0,,,1,2002-10-01 00:00:00,2004-09-30 23:00:00,0513010407,Sinking Creek-Big South Fork Cumberland River,471.63
03413200,"BEAVER CREEK NEAR MONTICELLO, KY",36.79757,-84.89606,NAD83,805.12,1,2007-10-01 01:00:00,2024-04-03 01:00:00,1,1989-10-02 01:00:00,2024-04-03 01:00:00,0513010305,Beaver Creek,612.44
03414000,"CUMBERLAND RIVER NEAR ROWENA, KY",36.883953,-85.139404,NAD83,540.08,1,2020-12-08 00:00:00,2024-04-03 00:00:00,0,,,0513010306,Crocus Creek-Cumberland River,836.08
03414078,"CROCUS CREEK NEAR AMANDAVILLE, KY",36.887028,-85.330284,NAD83,547.98,1,2018-04-20 11:00:00,2024-04-03 00:00:00,1,2018-04-20 13:30:00,2024-04-03 00:00:00,0513010306,Crocus Creek-Cumberland River,836.08
03414100,"CUMBERLAND RIVER AT BURKESVILLE, KY",36.786728,-85.36524,NAD83,499.61,1,2013-11-08 08:00:00,2024-04-03 00:00:00,1,2014-06-25 00:00:00,2024-04-03 00:00:00,0513010307,Marrowbone Creek-Cumberland River,979.59
03414170,"MARROWBONE CK AT MUD CAMP RD AT WATERVIEW, KY",36.81514,-85.45883,NAD83,546.91,1,2021-12-28 13:45:00,2024-04-03 00:00:00,0,,,0513010307,Marrowbone Creek-Cumberland River,979.59
03435105,"RED RIVER AT DOT, KY",36.67666,-86.95209,NAD83,457.67,1,2016-09-16 10:15:00,2024-04-03 00:00:00,1,2016-09-16 10:15:00,2024-04-03 00:00:00,0513020602,South Fork Red River-Red River,699.51
03437370,"N FK LITTLE R AT WATER PLANT AT HOPKINSVILLE, KY",36.876156,-87.471954,NAD83,510.0,1,2014-11-14 11:30:00,2024-04-03 00:00:00,0,,,0513020505,Upper Little River,696.48
03437480,"S FK LITTLE RIVER AT HWY 68/80 NR HOPKINSVILLE, KY",36.849766,-87.35223,NAD83,550.64,1,2009-10-01 01:00:00,2024-04-03 00:00:00,1,2009-10-01 01:00:00,2024-04-03 00:00:00,0513020505,Upper Little River,696.48
03437495,"S FK LITTLE R AT HWY 68 BY-PASS AT HOPKINSVILLE,KY",36.84949,-87.428894,NAD83,520.0,1,2009-10-01 01:00:00,2024-04-03 00:00:00,1,2009-10-01 01:00:00,2024-04-03 00:00:00,0513020505,Upper Little River,696.48
03437500,"SOUTH FORK LITTLE RIVER AT HOPKINSVILLE, KY",36.83949,-87.4814,NAD83,499.5,1,2012-10-01 01:00:00,2024-04-03 00:00:00,0,,,0513020505,Upper Little River,696.48
03610000,"CLARKS RIVER AT MURRAY, KY",36.592834,-88.30004,NAD83,459.73,1,2011-09-15 11:15:00,2024-04-03 00:00:00,1,2011-09-15 11:15:00,2024-04-03 00:00:00,0604000601,Upper Clarks River,438.68
03610200,"CLARKS RIVER AT ALMO, KY",36.691723,-88.27364,NAD83,413.35,1,2007-10-01 01:00:00,2024-04-03 00:00:00,1,1987-10-01 00:30:00,2024-04-03 00:00:00,0604000601,Upper Clarks River,438.68
03610545,"WEST FORK CLARKS RIVER NEAR BREWERS, KY",36.780056,-88.467545,NAD83,370.05,0,,,1,1988-12-12 14:00:00,1994-10-01 00:00:00,0604000602,Upper West Fork Clarks River,309.19
03611000,"OHIO RIVER AT PADUCAH, KY",37.0895,-88.59449,NAD83,285.46,1,2014-08-18 13:30:00,2024-04-03 00:00:00,0,,,0514020601,Mud Creek-Ohio River,260.41
03611260,"MASSAC CREEK NEAR PADUCAH, KY",37.041443,-88.710884,NAD83,344.78,1,2007-10-01 01:00:00,2024-04-03 00:00:00,1,1987-10-01 00:15:00,2024-04-03 00:00:00,0514020603,Massac Creek,197.06
03611500,"OHIO RIVER AT METROPOLIS, IL",37.147552,-88.74089,NAD83,276.18,0,,,1,2007-09-30 23:00:00,2010-06-19 22:45:00,0514020607,Redstone Creek-Ohio River,514.2
03611800,"BAYOU CREEK NEAR HEATH, KY",37.089775,-88.82978,NAD83,,0,,,1,1990-10-01 00:00:00,2010-09-30 23:45:00,0514020607,Redstone Creek-Ohio River,514.2
03611850,"BAYOU CREEK NEAR GRAHAMVILLE, KY",37.144775,-88.82728,NAD83,,0,,,1,1990-10-17 00:00:00,2010-10-07 10:00:00,0514020607,Redstone Creek-Ohio River,514.2
03611900,"LITTLE BAYOU CREEK NEAR GRAHAMVILLE, KY",37.1395,-88.79061,NAD83,,0,,,1,1993-10-01 00:15:00,2010-10-07 09:15:00,0514020607,Redstone Creek-Ohio River,514.2
03612600,"OHIO RIVER AT OLMSTED, IL",37.17922,-89.0584,NAD83,278.13,1,2013-03-02 00:00:00,2024-04-03 00:00:00,1,2013-03-02 00:00:00,2024-04-03 00:00:00,0514020607,Redstone Creek-Ohio River,514.2
03613000,"HUMPHREY CR AT LACENTER, KY",37.077553,-88.955894,NAD83,327.43,1,2013-09-03 00:00:00,2023-10-02 10:45:00,1,2013-09-03 00:00:00,2023-10-02 02:45:00,0514020606,Humphrey Creek,272.83
07023000,"MAYFIELD CREEK AT LOVELACEVILLE, KY",36.952557,-88.82506,NAD83,326.22,1,2023-08-24 07:30:00,2024-04-03 00:00:00,0,,,0801020102,Middle Mayfield Creek,408.09
07023700,"OBION CREEK NEAR ARLINGTON, KY",36.758392,-89.00368,NAD83,,1,2023-08-25 09:15:00,2024-04-03 00:00:00,0,,,0801020105,Obion Creek,830.27
07024000,"BAYOU DE CHIEN NEAR CLINTON, KY",36.62867,-88.96395,NAD83,307.39,1,2007-10-01 01:00:00,2024-04-03 00:00:00,1,1987-10-01 00:30:00,2024-04-03 00:00:00,0801020104,Bayou De Chien,555.74
371016082381001,"ELKHORN CREEK AT FREEDOM LANE AT JENKINS, KY",37.171074,-82.63613,NAD83,,1,2024-03-21 14:16:00,2024-04-03 01:00:00,0,,,0507020207,Russell Fork-Levisa Fork,449.8
371144082383401,"ELKHORN CREEK AT BARNHILL RD NR DUNHAM, KY",37.195717,-82.642876,NAD83,,1,2024-02-08 10:45:00,2024-04-03 01:00:00,0,,,0507020207,Russell Fork-Levisa Fork,449.8
373705086301002,ROUGH RIVER DAM LAKESIDE STATION 1A,37.62075,-86.49925,NAD83,,1,2021-03-28 00:00:00,2024-04-03 00:00:00,0,,,0511000403,Spring Fork-Rough River,546.95
373705086301003,ROUGH RIVER DAM LAKESIDE STATION 1B,37.61761,-86.502945,NAD83,,1,2021-04-03 00:00:00,2024-04-03 00:00:00,0,,,0511000403,Spring Fork-Rough River,546.95
373713086295603,ROUGH RIVER DAM TAILWATER STATION 2B,37.62011,-86.501274,NAD83,,1,2021-03-30 00:00:00,2024-04-03 00:00:00,0,,,0511000403,Spring Fork-Rough River,546.95
373713086295604,ROUGH RIVER DAM TAILWATER STATION 2C,37.6185,-86.50303,NAD83,,1,2021-04-03 00:00:00,2024-04-03 00:00:00,0,,,0511000403,Spring Fork-Rough River,546.95
