Field1,site_no,station_nm,lat,long,datum,altitude,gh_ind,gh_start,gh_end,sf_ind,sf_start,sf_end,huc10,huc10_name,huc10_areasqkm,huc12,huc12_name,huc12_areasqkm
0,3207965,"GRAPEVINE CREEK NEAR PHYLLIS, KY",37.432606000000000,-82.353759999999994,NAD83,797.190000000000055,1,10/1/2007 0:00:00,2/15/2024 0:00:00,1,4/25/1989 0:00:00,2/16/2024 0:00:00,0507020202,Fishtrap Lake-Levisa Fork,418.1199951,0507020202,Fishtrap Lake-Levisa Fork,418.1199951
1,3208000,"LEVISA FORK BELOW FISHTRAP DAM NEAR MILLARD, KY",37.425938000000002,-82.412369999999996,NAD83,599.159999999999968,1,7/31/2008 0:00:00,2/15/2024 0:00:00,0,,,0507020202,Fishtrap Lake-Levisa Fork,418.1199951,0507020202,Fishtrap Lake-Levisa Fork,418.1199951
2,3209300,"RUSSELL FORK AT ELKHORN CITY, KY",37.303997000000003,-82.342926000000006,NAD83,773.000000000000000,1,10/10/2008 0:00:00,10/3/2017 0:00:00,0,,,0507020207,Russell Fork-Levisa Fork,449.7999878,0507020207,Russell Fork-Levisa Fork,449.7999878
3,3209310,"ELKHORN LAKE AT JENKINS, KY",37.168354000000001,-82.635059999999996,NAD83,1573.059999999999945,1,12/7/2023 0:00:00,2/15/2024 0:00:00,0,,,0507020207,Russell Fork-Levisa Fork,449.7999878,0507020207,Russell Fork-Levisa Fork,449.7999878
4,3209325,"ELKHORN CREEK AT BURDINE, KY",37.187829999999998,-82.604569999999995,NAD83,0.000000000000000,1,1/31/2024 0:00:00,2/15/2024 0:00:00,0,,,0507020207,Russell Fork-Levisa Fork,449.7999878,0507020207,Russell Fork-Levisa Fork,449.7999878
5,3209410,"RUSSELL FORK AT CEDARVILLE, KY",37.312953999999998,-82.359560000000002,NAD83,743.399999999999977,1,10/4/2017 0:00:00,2/15/2024 0:00:00,1,10/4/2017 0:00:00,10/15/2020 0:00:00,0507020207,Russell Fork-Levisa Fork,449.7999878,0507020207,Russell Fork-Levisa Fork,449.7999878
6,3209500,"LEVISA FORK AT PIKEVILLE, KY",37.464267999999997,-82.526259999999994,NAD83,631.259999999999991,1,10/1/2007 0:00:00,2/15/2024 0:00:00,1,10/1/2015 0:00:00,2/16/2024 0:00:00,0507020302,Mud Creek-Levisa Fork,691.9699707,0507020302,Mud Creek-Levisa Fork,691.9699707
7,3209800,"LEVISA FORK AT PRESTONSBURG, KY",37.670929999999998,-82.777109999999993,NAD83,587.379999999999995,1,10/1/2007 0:00:00,2/15/2024 0:00:00,1,6/28/2023 0:00:00,2/16/2024 0:00:00,0507020302,Mud Creek-Levisa Fork,691.9699707,0507020302,Mud Creek-Levisa Fork,691.9699707
8,3210000,"JOHNS CREEK NEAR META, KY",37.567042999999998,-82.457924000000006,NAD83,714.519999999999982,1,10/1/2007 0:00:00,2/15/2024 0:00:00,1,1/18/1974 0:00:00,2/16/2024 0:00:00,0507020303,Johns Creek,580.9799805,0507020303,Johns Creek,580.9799805
9,3211500,"JOHNS CREEK NEAR VAN LEAR, KY",37.743706000000003,-82.724045000000004,NAD83,596.610000000000014,1,7/15/2008 0:00:00,2/15/2024 0:00:00,0,,,0507020303,Johns Creek,580.9799805,0507020303,Johns Creek,580.9799805
10,3212500,"LEVISA FORK AT PAINTSVILLE, KY",37.815372000000004,-82.791550000000001,NAD83,566.179999999999950,1,10/1/2007 0:00:00,2/15/2024 0:00:00,1,10/1/2015 0:00:00,2/16/2024 0:00:00,0507020305,Georges Creek-Levisa Fork,551.9099731,0507020305,Georges Creek-Levisa Fork,551.9099731
11,3213700,"TUG FORK AT WILLIAMSON, WV",37.673157000000003,-82.280140000000003,NAD83,619.909999999999968,1,10/1/2007 0:00:00,2/15/2024 0:00:00,1,7/3/1997 0:00:00,2/16/2024 0:00:00,0507020105,Wolf Creek-Tug Fork,515.0300293,0507020105,Wolf Creek-Tug Fork,515.0300293
12,3215000,"BIG SANDY R AT LOUISA, KY",38.171196000000002,-82.634604999999993,NAD83,512.129999999999995,1,10/1/2016 0:00:00,2/15/2024 0:00:00,0,,,0507020404,Whites Creek-Big Sandy River,377.3099976,0507020404,Whites Creek-Big Sandy River,377.3099976
13,3215410,"BLAINE CREEK NEAR BLAINE, KY",38.029533000000001,-82.846829999999997,NAD83,632.460000000000036,1,10/22/2009 0:00:00,2/15/2024 0:00:00,1,10/22/2009 0:00:00,2/16/2024 0:00:00,0507020401,Upper Blaine Creek,269.1600037,0507020401,Upper Blaine Creek,269.1600037
14,3216000,"OHIO RIVER AT ASHLAND, KY",38.484023999999998,-82.641549999999995,NAD83,480.410000000000025,1,9/29/2009 0:00:00,2/15/2024 0:00:00,0,,,0509010301,Ice Creek-Ohio River,560.1300049,0509010301,Ice Creek-Ohio River,560.1300049
15,3216070,"OHIO RIVER AT IRONTON, OH",38.532055000000000,-82.685940000000002,NAD83,480.410000000000025,1,9/2/2015 0:00:00,2/15/2024 0:00:00,1,9/3/2015 0:00:00,2/16/2024 0:00:00,0509010301,Ice Creek-Ohio River,560.1300049,0509010301,Ice Creek-Ohio River,560.1300049
16,3216300,"GRAYSON LAKE NEAR LEON, KY",38.252583000000001,-82.985450000000000,NAD83,0.000000000000000,1,2/15/2021 0:00:00,2/15/2024 0:00:00,0,,,0509010403,Middle Little Sandy River,434.7799988,0509010403,Middle Little Sandy River,434.7799988
17,3216350,"LITTLE SANDY RIVER BELOW GRAYSON DAM NEAR LEON, KY",38.253970000000002,-82.991005000000001,NAD83,499.420000000000016,1,9/11/2014 0:00:00,2/15/2024 0:00:00,0,,,0509010403,Middle Little Sandy River,434.7799988,0509010403,Middle Little Sandy River,434.7799988
18,3216500,"LITTLE SANDY RIVER AT GRAYSON, KY",38.330081999999997,-82.939340000000001,NAD83,557.029999999999973,1,10/1/2008 0:00:00,2/15/2024 0:00:00,1,2/3/1987 0:00:00,2/16/2024 0:00:00,0509010403,Middle Little Sandy River,434.7799988,0509010403,Middle Little Sandy River,434.7799988
19,3216540,"EAST FORK LITTLE SANDY RIVER NEAR FALLSBURG, KY",38.233696000000002,-82.708770000000001,NAD83,661.399999999999977,0,,,1,10/9/1987 0:00:00,9/30/1991 0:00:00,0509010404,East Fork Little Sandy River,398.8800049,0509010404,East Fork Little Sandy River,398.8800049
20,3216600,"OHIO RIVER AT GREENUP DAM NEAR GREENUP, KY",38.646743999999998,-82.860450000000000,NAD83,471.850000000000023,1,3/5/2021 0:00:00,2/15/2024 0:00:00,1,10/1/2015 0:00:00,2/16/2024 0:00:00,0509010301,Ice Creek-Ohio River,560.1300049,0509010301,Ice Creek-Ohio River,560.1300049
21,3216777,"TYGARTS CREEK AT LAWTON RD AT OLIVE HILL,KY",38.290382000000001,-83.189560000000000,NAD83,747.850000000000023,1,12/8/2020 0:00:00,2/15/2024 0:00:00,0,,,0509010303,Upper Tygarts Creek,479.2399902,0509010303,Upper Tygarts Creek,479.2399902
22,3217000,"TYGARTS CREEK NEAR GREENUP, KY",38.564247000000002,-82.952119999999994,NAD83,546.399999999999977,1,10/1/2007 0:00:00,2/15/2024 0:00:00,1,10/1/1987 0:00:00,2/16/2024 0:00:00,0509010304,Lower Tygarts Creek,400.2399902,0509010304,Lower Tygarts Creek,400.2399902
23,3217200,"OHIO RIVER AT PORTSMOUTH, OH",38.729134000000002,-82.996870000000001,NAD83,469.009999999999991,1,9/28/2009 0:00:00,2/15/2024 0:00:00,0,,,0509010306,Little Scioto River-Ohio River,414.3699951,0509010306,Little Scioto River-Ohio River,414.3699951
24,3237250,"KINNICONICK CREEK NEAR TANNERY, KY",38.543410000000002,-83.224625000000003,NAD83,0.000000000000000,0,,,1,12/1/1991 0:00:00,12/6/2000 0:00:00,0509020101,Kinniconick Creek,655.4799805,0509020101,Kinniconick Creek,655.4799805
25,3237255,"KINNICONICK CREEK BELOW TRACE CREEK AT TANNERY, KY",38.545276999999999,-83.221390000000000,NAD83,0.000000000000000,0,,,1,12/8/2000 0:00:00,9/30/2010 0:00:00,0509020101,Kinniconick Creek,655.4799805,0509020101,Kinniconick Creek,655.4799805
26,3237900,"CABIN CREEK NEAR TOLLESBORO, KY",38.567852000000002,-83.537130000000005,NAD83,0.000000000000000,0,,,1,10/1/1987 0:00:00,3/30/1992 0:00:00,0509020106,Cabin Creek-Ohio River,531.2000122,0509020106,Cabin Creek-Ohio River,531.2000122
27,3238000,"OHIO RIVER AT MAYSVILLE, KY",38.684109999999997,-83.783890000000000,NAD83,450.149999999999977,1,1/5/2018 0:00:00,2/15/2024 0:00:00,0,,,0509020106,Cabin Creek-Ohio River,531.2000122,0509020106,Cabin Creek-Ohio River,531.2000122
28,3238140,"TAYLOR CREEK AT DONNERMEYER DRIVE AT BELLEVUE, KY",39.097420000000000,-84.483609999999999,NAD83,479.490000000000009,1,10/1/2007 0:00:00,2/15/2024 0:00:00,1,10/1/2007 0:00:00,2/16/2024 0:00:00,0509020302,Muddy Creek-Ohio River,293.7699890,0509020302,Muddy Creek-Ohio River,293.7699890
29,3238745,"TWELVEMILE CREEK AT HIGHWAY 1997 NR ALEXANDRIA, KY",38.951453999999998,-84.338269999999994,NAD83,504.800000000000011,1,10/1/2007 0:00:00,2/15/2024 0:00:00,1,1/17/2001 0:00:00,2/16/2024 0:00:00,0509020112,Twelvemile Creek-Ohio River,501.6700134,0509020112,Twelvemile Creek-Ohio River,501.6700134
30,3238772,"FOURMILE CREEK AT POPLAR RIDGE RD NR ALEXANDRIA,KY",38.986668000000002,-84.365279999999998,NAD83,534.690000000000055,1,10/1/2007 0:00:00,2/15/2024 0:00:00,1,3/10/2001 0:00:00,2/16/2024 0:00:00,0509020112,Twelvemile Creek-Ohio River,501.6700134,0509020112,Twelvemile Creek-Ohio River,501.6700134
31,3238780,"FOURMILE CR @ HWY 547 NR ALEXANDRIA, KY",39.009166999999998,-84.373339999999999,NAD83,0.000000000000000,0,,,1,5/3/1999 0:00:00,9/30/2000 0:00:00,0509020112,Twelvemile Creek-Ohio River,501.6700134,0509020112,Twelvemile Creek-Ohio River,501.6700134
32,3238785,"FOURMILE CK AT GRAYS CROSSING AT SILVER GROVE, KY",39.021250000000002,-84.381209999999996,NAD83,479.639999999999986,1,2/23/2017 0:00:00,2/15/2024 0:00:00,1,2/23/2017 0:00:00,2/16/2024 0:00:00,0509020112,Twelvemile Creek-Ohio River,501.6700134,0509020112,Twelvemile Creek-Ohio River,501.6700134
33,3238798,"FOURMILE CREEK AT HWY 8 AT SILVER GROVE, KY",39.043574999999997,-84.419780000000003,NAD83,456.459999999999980,1,2/23/2017 0:00:00,2/15/2024 0:00:00,0,,,0509020112,Twelvemile Creek-Ohio River,501.6700134,0509020112,Twelvemile Creek-Ohio River,501.6700134
34,3248300,"LICKING RIVER BELOW MASON FORK NR SALYERSVILLE, KY",37.730648000000002,-83.057945000000004,NAD83,840.110000000000014,1,10/1/2007 0:00:00,2/15/2024 0:00:00,1,4/25/2001 0:00:00,2/16/2024 0:00:00,0510010101,Headwaters Licking River,605.1500244,0510010101,Headwaters Licking River,605.1500244
35,3249498,"CAVE RUN LAKE NEAR FARMERS, KY",38.117690000000003,-83.531880000000001,NAD83,0.000000000000000,1,2/15/2021 0:00:00,2/15/2024 0:00:00,0,,,0510010108,Fox Creek-Licking River,863.6099854,0510010108,Fox Creek-Licking River,863.6099854
36,3249500,"LICKING RIVER AT FARMERS, KY",38.115360000000003,-83.543239999999997,NAD83,645.929999999999950,1,10/1/2007 0:00:00,2/15/2024 0:00:00,1,10/1/1987 0:00:00,9/26/2009 0:00:00,0510010108,Fox Creek-Licking River,863.6099854,0510010108,Fox Creek-Licking River,863.6099854
37,3249505,"LICKING RIVER AT HWY 60 AT FARMERS, KY",38.140079999999998,-83.557130000000001,NAD83,645.929999999999950,1,10/1/2007 0:00:00,2/15/2024 0:00:00,1,10/1/2003 0:00:00,9/30/2006 0:00:00,0510010108,Fox Creek-Licking River,863.6099854,0510010108,Fox Creek-Licking River,863.6099854
38,3250000,"TRIPLETT CREEK AT MOREHEAD, KY",38.184525000000001,-83.429910000000007,NAD83,708.259999999999991,0,,,1,10/1/1988 0:00:00,9/22/1992 0:00:00,0510010106,Triplett Creek,484.4899902,0510010106,Triplett Creek,484.4899902
39,3250100,"NORTH FORK TRIPLETT CREEK NEAR MOREHEAD, KY",38.199249999999999,-83.480459999999994,NAD83,677.399999999999977,1,7/17/2012 0:00:00,2/15/2024 0:00:00,1,10/1/1987 0:00:00,2/16/2024 0:00:00,0510010106,Triplett Creek,484.4899902,0510010106,Triplett Creek,484.4899902
40,3250190,"SLATE CREEK AT HIGHWAY 713 NR MT. STERLING, KY",38.023968000000004,-83.831590000000006,NAD83,749.029999999999973,1,10/1/2007 0:00:00,2/15/2024 0:00:00,1,3/3/2000 0:00:00,2/16/2024 0:00:00,0510010107,Slate Creek,595.0100098,0510010107,Slate Creek,595.0100098
41,3250310,"ROCK LICK CR AB UNNAMED TRIB NR SHARKEY, KY STAT A",38.251190000000001,-83.566024999999996,NAD83,0.000000000000000,0,,,1,7/24/1996 0:00:00,7/8/2009 0:00:00,0510010108,Fox Creek-Licking River,863.6099854,0510010108,Fox Creek-Licking River,863.6099854
42,3250322,"ROCK LICK CR AT STATE HWY 158 NR SHARKEY, KY STA D",38.247303000000002,-83.589354999999998,NAD83,644.419999999999959,1,10/1/2007 0:00:00,2/15/2024 0:00:00,1,10/1/2003 0:00:00,2/16/2024 0:00:00,0510010108,Fox Creek-Licking River,863.6099854,0510010108,Fox Creek-Licking River,863.6099854
43,3250500,"LICKING RIVER AT BLUE LICK SPRINGS, KY",38.420074000000000,-83.997429999999994,NAD83,559.600000000000023,1,10/1/2007 0:00:00,2/15/2024 0:00:00,1,10/1/2001 0:00:00,2/16/2024 0:00:00,0510010111,Johnson Creek-Licking River,834.1699829,0510010111,Johnson Creek-Licking River,834.1699829
44,3251000,"NORTH FORK LICKING RIVER NEAR LEWISBURG, KY",38.549244000000002,-83.793530000000004,NAD83,680.000000000000000,0,,,1,10/1/1987 0:00:00,9/30/1991 0:00:00,0510010110,North Fork Licking River,798.1799927,0510010110,North Fork Licking River,798.1799927
45,3251200,"NORTH FORK LICKING RIVER NEAR MT OLIVET, KY",38.594794999999998,-84.020200000000003,NAD83,627.940000000000055,1,10/1/2007 0:00:00,2/15/2024 0:00:00,1,6/15/1991 0:00:00,2/16/2024 0:00:00,0510010110,North Fork Licking River,798.1799927,0510010110,North Fork Licking River,798.1799927
46,3251500,"LICKING RIVER AT MCKINNEYSBURG, KY",38.600070000000002,-84.266329999999996,NAD83,520.250000000000000,1,10/4/2007 0:00:00,2/15/2024 0:00:00,1,10/1/1987 0:00:00,2/16/2024 0:00:00,0510010112,Grassy Creek-Licking River,750.7199707,0510010112,Grassy Creek-Licking River,750.7199707
47,3251900,"STONER CREEK AT WATER PLANT AT PARIS, KY",38.204999999999998,-84.238050000000001,NAD83,772.570000000000050,1,9/23/2015 0:00:00,2/15/2024 0:00:00,1,9/26/2015 0:00:00,2/16/2024 0:00:00,0510010202,Stoner Creek,518.9199829,0510010202,Stoner Creek,518.9199829
48,3251980,"HOUSTON CREEK AT HWY 27 NEAR PARIS, KY",38.190277000000002,-84.281670000000005,NAD83,811.809999999999945,1,9/23/2015 0:00:00,2/15/2024 0:00:00,1,10/1/2015 0:00:00,2/16/2024 0:00:00,0510010202,Stoner Creek,518.9199829,0510010202,Stoner Creek,518.9199829
49,3252000,"STONER CREEK AT PARIS, KY",38.229244000000001,-84.256039999999999,NAD83,770.429999999999950,0,,,1,10/2/1987 0:00:00,9/30/1991 0:00:00,0510010202,Stoner Creek,518.9199829,0510010202,Stoner Creek,518.9199829
50,3252300,"HINKSTON CREEK NEAR CARLISLE, KY",38.247436999999998,-84.055149999999998,NAD83,763.850000000000023,1,10/1/2007 0:00:00,2/15/2024 0:00:00,1,10/31/1991 0:00:00,2/16/2024 0:00:00,0510010203,Hinkston Creek,673.7600098,0510010203,Hinkston Creek,673.7600098
51,3252500,"SOUTH FORK LICKING RIVER AT CYNTHIANA, KY",38.390906999999999,-84.302989999999994,NAD83,687.820000000000050,1,10/16/2010 0:00:00,2/15/2024 0:00:00,0,,,0510010204,Raven Creek-South Fork Licking River,635.9699707,0510010204,Raven Creek-South Fork Licking River,635.9699707
52,3253000,"SOUTH FORK LICKING RIVER AT HAYES, KY",38.658679999999997,-84.351879999999994,NAD83,536.500000000000000,1,3/5/2013 0:00:00,2/15/2024 0:00:00,1,3/6/2013 0:00:00,2/16/2024 0:00:00,0510010205,Fork Lick Creek-South Fork Licking River,357.3999939,0510010205,Fork Lick Creek-South Fork Licking River,357.3999939
53,3253500,"LICKING RIVER AT CATAWBA, KY",38.710346000000001,-84.310770000000005,NAD83,499.160000000000025,1,10/1/2007 0:00:00,2/15/2024 0:00:00,1,3/28/1986 0:00:00,2/16/2024 0:00:00,0510010112,Grassy Creek-Licking River,750.7199707,0510010112,Grassy Creek-Licking River,750.7199707
54,3254480,"CRUISES CREEK AT HWY 17 NR PINER, KY",38.844444000000003,-84.532219999999995,NAD83,656.919999999999959,1,10/22/2007 0:00:00,11/4/2021 0:00:00,1,12/2/2000 0:00:00,11/4/2021 0:00:00,0510010113,Banklick Creek-Licking River,485.2699890,0510010113,Banklick Creek-Licking River,485.2699890
55,3254520,"LICKING RIVER AT HWY 536 NEAR ALEXANDRIA, KY",38.920340000000003,-84.447999999999993,NAD83,448.819999999999993,1,10/1/2013 0:00:00,2/15/2024 0:00:00,1,10/23/2007 0:00:00,2/16/2024 0:00:00,0510010113,Banklick Creek-Licking River,485.2699890,0510010113,Banklick Creek-Licking River,485.2699890
56,3254550,"BANKLICK CREEK @ HIGHWAY 1829 NR ERLANGER, KY",38.980556000000000,-84.541663999999997,NAD83,539.559999999999945,1,10/1/2007 0:00:00,2/15/2024 0:00:00,1,4/3/1999 0:00:00,2/16/2024 0:00:00,0510010113,Banklick Creek-Licking River,485.2699890,0510010113,Banklick Creek-Licking River,485.2699890
57,3254693,"THREEMILE CREEK AT THREE MILE ROAD AT COVINGTON,KY",39.050204999999998,-84.485050000000001,NAD83,473.610000000000014,1,6/20/2013 0:00:00,2/15/2024 0:00:00,1,6/21/2013 0:00:00,2/16/2024 0:00:00,0510010113,Banklick Creek-Licking River,485.2699890,0510010113,Banklick Creek-Licking River,485.2699890
58,3255000,"OHIO RIVER AT CINCINNATI, OH",39.094504999999998,-84.510499999999993,NAD83,428.050000000000011,1,10/1/2007 0:00:00,2/15/2024 0:00:00,0,,,0509020302,Muddy Creek-Ohio River,293.7699890,0509020302,Muddy Creek-Ohio River,293.7699890
59,3260015,"PLEASANT RUN CREEK AT OAK STREET NEAR LUDLOW, KY",39.085113999999997,-84.558136000000005,NAD83,470.160000000000025,1,10/1/2007 0:00:00,2/15/2024 0:00:00,1,10/1/2007 0:00:00,2/16/2024 0:00:00,0509020302,Muddy Creek-Ohio River,293.7699890,0509020302,Muddy Creek-Ohio River,293.7699890
60,3260050,"DRY CREEK AT SEWAGE PLANT NEAR ERLANGER, KY",39.060585000000003,-84.619919999999993,NAD83,487.870000000000005,1,10/1/2007 0:00:00,2/15/2024 0:00:00,1,10/1/2007 0:00:00,2/16/2024 0:00:00,0509020302,Muddy Creek-Ohio River,293.7699890,0509020302,Muddy Creek-Ohio River,293.7699890
61,3260100,"ELIJAHS CREEK @ ELIJAHS CREEK RD NR HEBRON, KY",39.079723000000001,-84.685280000000006,NAD83,759.860000000000014,1,10/1/2007 0:00:00,2/15/2024 0:00:00,1,4/9/1999 0:00:00,2/16/2024 0:00:00,0509020302,Muddy Creek-Ohio River,293.7699890,0509020302,Muddy Creek-Ohio River,293.7699890
62,3260270,"SAND RUN AT THORNWILDE DR AT FRANCISVILLE, KY",39.104584000000003,-84.729195000000004,NAD83,718.750000000000000,1,9/15/2021 0:00:00,2/15/2024 0:00:00,0,,,0509020302,Muddy Creek-Ohio River,293.7699890,0509020302,Muddy Creek-Ohio River,293.7699890
63,3262001,"WOOLPER CREEK AT WOOLPER ROAD NEAR BURLINGTON, KY",39.030000000000001,-84.804169999999999,NAD83,490.189999999999998,1,10/1/2007 0:00:00,2/15/2024 0:00:00,1,12/2/2000 0:00:00,2/16/2024 0:00:00,0509020308,Gunpowder Creek-Ohio River,572.1799927,0509020308,Gunpowder Creek-Ohio River,572.1799927
65,3277075,"GUNPOWDER CR AT CAMP ERNST RD NR UNION, KY",38.994166999999997,-84.716110000000000,NAD83,683.059999999999945,1,10/1/2007 0:00:00,2/15/2024 0:00:00,1,4/1/1999 0:00:00,2/16/2024 0:00:00,0509020308,Gunpowder Creek-Ohio River,572.1799927,0509020308,Gunpowder Creek-Ohio River,572.1799927
66,3277130,"MUD LICK CR AT HWY 42 NR BEAVERLICK, KY",38.845061999999999,-84.720780000000005,NAD83,488.110000000000014,1,10/1/2007 0:00:00,2/15/2024 0:00:00,1,12/12/2000 0:00:00,2/16/2024 0:00:00,0509020310,Big Bone Creek-Ohio River,683.8900146,0509020310,Big Bone Creek-Ohio River,683.8900146
67,3277200,"OHIO RIVER AT MARKLAND DAM NEAR WARSAW, KY",38.775340000000000,-84.839110000000005,NAD83,406.649999999999977,1,10/1/2007 0:00:00,2/15/2024 0:00:00,1,10/1/2015 0:00:00,2/16/2024 0:00:00,0509020310,Big Bone Creek-Ohio River,683.8900146,0509020310,Big Bone Creek-Ohio River,683.8900146
68,3277300,"NORTH FORK KENTUCKY RIVER AT WHITESBURG, KY",37.117600000000003,-82.824610000000007,NAD83,1127.400000000000091,1,10/1/2007 0:00:00,2/15/2024 0:00:00,1,10/1/1998 0:00:00,2/16/2024 0:00:00,0510020101,Rockhouse Creek-North Fork Kentucky River,485.1499939,0510020101,Rockhouse Creek-North Fork Kentucky River,485.1499939
69,3277446,"CARR CREEK LAKE NEAR SASSAFRAS, KY",37.230373000000000,-83.033500000000004,NAD83,0.000000000000000,1,2/15/2021 0:00:00,2/15/2024 0:00:00,0,,,0510020102,Carr Fork,221.3200073,0510020102,Carr Fork,221.3200073
70,3277450,"CARR FORK NEAR SASSAFRAS, KY",37.233319999999999,-83.033749999999998,NAD83,943.600000000000023,1,10/1/2012 0:00:00,2/15/2024 0:00:00,0,,,0510020102,Carr Fork,221.3200073,0510020102,Carr Fork,221.3200073
71,3277500,"NORTH FORK KENTUCKY RIVER AT HAZARD, KY",37.246581999999997,-83.182779999999994,NAD83,829.200000000000045,1,10/1/2007 0:00:00,2/15/2024 0:00:00,1,10/1/1987 0:00:00,2/16/2024 0:00:00,0510020103,Line Fork-North Fork Kentucky River,669.5499878,0510020103,Line Fork-North Fork Kentucky River,669.5499878
72,3280000,"NORTH FORK KENTUCKY RIVER AT JACKSON, KY",37.552309999999999,-83.385734999999997,NAD83,697.700000000000045,1,10/1/2007 0:00:00,2/15/2024 0:00:00,1,10/25/2016 0:00:00,2/16/2024 0:00:00,0510020107,Frozen Creek-North Fork Kentucky River,610.0800171,0510020107,Frozen Creek-North Fork Kentucky River,610.0800171
73,3280600,"MIDDLE FORK KENTUCKY RIVER NEAR HYDEN, KY",37.137349999999998,-83.371025000000003,NAD83,833.000000000000000,1,3/23/2008 0:00:00,4/19/2018 0:00:00,1,4/9/1988 0:00:00,9/30/1991 0:00:00,0510020202,Upper Middle Fork Kentucky River,629.6799927,0510020202,Upper Middle Fork Kentucky River,629.6799927
74,3280612,"MIDDLE FORK KENTUCKY RIVER AT HWY 2431 AT HYDEN,KY",37.146202000000002,-83.381293999999997,NAD83,821.470000000000027,1,5/1/2018 0:00:00,2/15/2024 0:00:00,0,,,0510020202,Upper Middle Fork Kentucky River,629.6799927,0510020202,Upper Middle Fork Kentucky River,629.6799927
75,3280700,"CUTSHIN CREEK AT WOOTON, KY",37.165092000000001,-83.307950000000005,NAD83,869.289999999999964,1,10/1/2007 0:00:00,2/15/2024 0:00:00,1,10/1/1987 0:00:00,2/16/2024 0:00:00,0510020201,Cutshin Creek,238.6799927,0510020201,Cutshin Creek,238.6799927
76,3280790,"TRACE BR AT TRACE BR CAMPGROUND AT CONFLUENCE, KY",37.271988000000000,-83.369850000000000,NAD83,776.700000000000045,1,8/15/2017 0:00:00,2/15/2024 0:00:00,0,,,0510020203,Middle Middle Fork Kentucky River,189.4100037,0510020203,Middle Middle Fork Kentucky River,189.4100037
77,3280800,"BUCKHORN LAKE AT BUCKHORN, KY",37.340089999999996,-83.470184000000003,NAD83,0.000000000000000,1,10/18/2023 0:00:00,2/15/2024 0:00:00,0,,,0510020203,Middle Middle Fork Kentucky River,189.4100037,0510020203,Middle Middle Fork Kentucky River,189.4100037
78,3280902,"MIDDLE FK KENTUCKY RIVER AT HWY28 NR BUCKHORN, KY",37.343277000000000,-83.447860000000006,NAD83,712.100000000000023,1,11/16/2021 0:00:00,2/15/2024 0:00:00,0,,,0510020204,Lower Middle Fork Kentucky River,390.3999939,0510020204,Lower Middle Fork Kentucky River,390.3999939
79,3281000,"MIDDLE FORK KENTUCKY RIVER AT TALLEGA, KY",37.555087999999998,-83.593795999999998,NAD83,641.549999999999955,1,10/1/2007 0:00:00,2/15/2024 0:00:00,1,10/16/1986 0:00:00,2/16/2024 0:00:00,0510020204,Lower Middle Fork Kentucky River,390.3999939,0510020204,Lower Middle Fork Kentucky River,390.3999939
80,3281100,"GOOSE CREEK AT MANCHESTER, KY",37.152034999999998,-83.760199999999998,NAD83,818.809999999999945,1,10/1/2007 0:00:00,2/15/2024 0:00:00,1,10/1/1987 0:00:00,2/16/2024 0:00:00,0510020303,Lower Goose Creek,315.9800110,0510020303,Lower Goose Creek,315.9800110
81,3281500,"SOUTH FORK KENTUCKY RIVER AT BOONEVILLE, KY",37.479810000000001,-83.675190000000001,NAD83,641.909999999999968,1,10/1/2007 0:00:00,2/15/2024 0:00:00,1,10/1/1987 0:00:00,2/16/2024 0:00:00,0510020306,Meadow Creek-South Fork Kentucky River,328.9700012,0510020306,Meadow Creek-South Fork Kentucky River,328.9700012
82,3282000,"KENTUCKY RIVER AT LOCK 14 AT HEIDELBERG, KY",37.553142999999999,-83.769360000000006,NAD83,625.389999999999986,1,10/1/2007 0:00:00,2/15/2024 0:00:00,1,2/11/1987 0:00:00,2/16/2024 0:00:00,0510020401,Sturgeon Creek-Kentucky River,355.5000000,0510020401,Sturgeon Creek-Kentucky River,355.5000000
83,3282040,"STURGEON CREEK AT CRESSMONT, KY",37.500639999999997,-83.810196000000005,NAD83,703.870000000000005,1,10/1/2007 0:00:00,2/15/2024 0:00:00,1,10/1/1992 0:00:00,2/16/2024 0:00:00,0510020401,Sturgeon Creek-Kentucky River,355.5000000,0510020401,Sturgeon Creek-Kentucky River,355.5000000
84,3282060,"KENTUCKY RIVER AT LOCK 13 NEAR WILLOW SHOALS, KY",37.601889999999997,-83.833370000000002,NAD83,607.519999999999982,1,10/1/2007 0:00:00,2/15/2024 0:00:00,1,8/19/2004 0:00:00,2/16/2024 0:00:00,0510020405,Millers Creek-Kentucky River,650.0900269,0510020405,Millers Creek-Kentucky River,650.0900269
85,3282075,"BIG SINKING CREEK NEAR CRYSTAL, KY",37.639530000000001,-83.784639999999996,NAD83,0.000000000000000,0,,,1,3/7/1987 0:00:00,3/31/1989 0:00:00,0510020405,Millers Creek-Kentucky River,650.0900269,0510020405,Millers Creek-Kentucky River,650.0900269
86,3282100,"FURNACE FORK NEAR CRYSTAL , KY",37.689250000000001,-83.857420000000005,NAD83,0.000000000000000,0,,,1,3/1/1987 0:00:00,3/31/1989 0:00:00,0510020405,Millers Creek-Kentucky River,650.0900269,0510020405,Millers Creek-Kentucky River,650.0900269
87,3282120,"KENTUCKY RIVER AT LOCK 12 NEAR IRVINE, KY",37.678333000000002,-83.948329999999999,NAD83,589.929999999999950,1,10/1/2007 0:00:00,2/15/2024 0:00:00,1,10/1/2000 0:00:00,2/16/2024 0:00:00,0510020405,Millers Creek-Kentucky River,650.0900269,0510020405,Millers Creek-Kentucky River,650.0900269
88,3282290,"KENTUCKY RIVER AT LOCK 11 NEAR COLLEGE HILL, KY",37.783969999999997,-84.103263999999996,NAD83,572.700000000000045,1,10/1/2007 0:00:00,2/15/2024 0:00:00,1,10/1/2002 0:00:00,2/16/2024 0:00:00,0510020405,Millers Creek-Kentucky River,650.0900269,0510020405,Millers Creek-Kentucky River,650.0900269
89,3282500,"RED RIVER NEAR HAZEL GREEN, KY",37.809254000000003,-83.457689999999999,NAD83,869.690000000000055,1,10/1/2007 0:00:00,2/15/2024 0:00:00,1,10/1/1987 0:00:00,2/16/2024 0:00:00,0510020402,Upper Red River,769.3200073,0510020402,Upper Red River,769.3200073
90,3283370,"CAT CREEK NEAR STANTON, KY",37.832026999999997,-83.811310000000006,NAD83,0.000000000000000,0,,,1,3/1/1987 0:00:00,3/31/1989 0:00:00,0510020403,Lower Red River,495.7500000,0510020403,Lower Red River,495.7500000
91,3283500,"RED RIVER AT CLAY CITY, KY",37.864803000000002,-83.933530000000005,NAD83,599.799999999999955,1,10/1/2007 0:00:00,2/15/2024 0:00:00,1,10/1/1987 0:00:00,2/16/2024 0:00:00,0510020403,Lower Red River,495.7500000,0510020403,Lower Red River,495.7500000
92,3284000,"KENTUCKY RIVER AT LOCK 10 NEAR WINCHESTER, KY",37.893967000000004,-84.260480000000001,NAD83,556.100000000000023,1,10/1/2007 0:00:00,2/15/2024 0:00:00,1,1/30/1987 0:00:00,2/16/2024 0:00:00,0510020501,Muddy Creek-Kentucky River,601.8300171,0510020501,Muddy Creek-Kentucky River,601.8300171
93,3284230,"KENTUCKY RIVER AT LOCK 9 AT VALLEY VIEW, KY",37.843966999999999,-84.440629999999999,NAD83,538.000000000000000,1,10/1/2007 0:00:00,2/15/2024 0:00:00,1,10/1/2009 0:00:00,2/16/2024 0:00:00,0510020503,Paint Lick Creek-Kentucky River,862.8200073,0510020503,Paint Lick Creek-Kentucky River,862.8200073
94,3284500,"KENTUCKY RIVER AT LOCK 8 NEAR CAMP NELSON, KY",37.745358000000003,-84.586609999999993,NAD83,520.179999999999950,1,10/1/2007 0:00:00,2/15/2024 0:00:00,1,10/1/2002 0:00:00,2/16/2024 0:00:00,0510020503,Paint Lick Creek-Kentucky River,862.8200073,0510020503,Paint Lick Creek-Kentucky River,862.8200073
95,3284520,"EAST HICKMAN CR AT ANDOVER VILLAGE NR CADENTOWN,KY",37.997300000000003,-84.405490000000000,NAD83,0.000000000000000,0,,,1,9/5/1997 0:00:00,9/30/2010 0:00:00,0510020506,Hickman Creek,259.1099854,0510020506,Hickman Creek,259.1099854
96,3284525,"E HICKMAN CR TRIB AT CHILESBURG RD NR LEXINGTON,KY",37.988410000000002,-84.411050000000003,NAD83,976.220000000000027,1,10/1/2007 0:00:00,2/15/2024 0:00:00,1,9/4/1997 0:00:00,2/16/2024 0:00:00,0510020506,Hickman Creek,259.1099854,0510020506,Hickman Creek,259.1099854
97,3284530,"EAST HICKMAN CR AT DELONG RD NR EAST HICKMAN, KY",37.949801999999998,-84.455214999999995,NAD83,0.000000000000000,0,,,1,9/4/1997 0:00:00,9/30/2010 0:00:00,0510020506,Hickman Creek,259.1099854,0510020506,Hickman Creek,259.1099854
98,3284533,"EAST HICKMAN CR AT TATES CR RD NR EAST HICKMAN, KY",37.938330000000001,-84.478615000000005,NAD83,884.639999999999986,1,6/14/2012 0:00:00,2/15/2024 0:00:00,1,10/1/2012 0:00:00,2/16/2024 0:00:00,0510020506,Hickman Creek,259.1099854,0510020506,Hickman Creek,259.1099854
99,3284552,"WEST HICKMAN CR AT VETERANS PARK NR LEXINGTON, KY",37.957780000000000,-84.501114000000001,NAD83,881.669999999999959,1,6/12/2012 0:00:00,2/15/2024 0:00:00,1,10/1/2012 0:00:00,2/16/2024 0:00:00,0510020506,Hickman Creek,259.1099854,0510020506,Hickman Creek,259.1099854
100,3284555,"WEST HICKMAN CR @ ASH GROVE PK NR EAST HICKMAN, KY",37.934525000000001,-84.502160000000003,NAD83,0.000000000000000,0,,,1,10/1/1997 0:00:00,9/30/2010 0:00:00,0510020506,Hickman Creek,259.1099854,0510020506,Hickman Creek,259.1099854
101,3285000,"DIX RIVER NEAR DANVILLE, KY",37.642024999999997,-84.660774000000004,NAD83,749.649999999999977,1,10/1/2007 0:00:00,2/15/2024 0:00:00,1,6/10/1986 0:00:00,2/16/2024 0:00:00,0510020505,Lower Dix River,628.2999878,0510020505,Lower Dix River,628.2999878
102,3285200,"CLARKS RUN NEAR DANVILLE, KY",37.638966000000003,-84.721053999999995,NAD83,0.000000000000000,0,,,1,5/2/1992 0:00:00,9/30/1997 0:00:00,0510020505,Lower Dix River,628.2999878,0510020505,Lower Dix River,628.2999878
103,3285290,SPEARS CREEK AT STREAMLAND DRIVE,37.670909999999999,-84.775779999999997,NAD83,0.000000000000000,0,,,1,5/27/2000 0:00:00,9/4/2000 0:00:00,0510020505,Lower Dix River,628.2999878,0510020505,Lower Dix River,628.2999878
104,3285335,MOCKS BRANCH AT HIGHWAY 1896,37.705080000000002,-84.803010000000000,NAD83,0.000000000000000,0,,,1,6/8/2000 0:00:00,8/13/2001 0:00:00,0510020505,Lower Dix River,628.2999878,0510020505,Lower Dix River,628.2999878
105,3286200,"DIX RIVER AT DIX DAM NEAR BURGIN, KY",37.793132999999997,-84.706055000000006,NAD83,0.000000000000000,1,11/8/2007 0:00:00,2/15/2024 0:00:00,1,9/30/2008 0:00:00,2/12/2024 0:00:00,0510020505,Lower Dix River,628.2999878,0510020505,Lower Dix River,628.2999878
106,3286500,"KENTUCKY RIVER AT LOCK 7 AT HIGHBRIDGE, KY",37.829247000000002,-84.723839999999996,NAD83,503.250000000000000,1,10/1/2009 0:00:00,2/15/2024 0:00:00,1,12/29/1992 0:00:00,2/16/2024 0:00:00,0510020507,Clear Creek-Kentucky River,895.6500244,0510020507,Clear Creek-Kentucky River,895.6500244
107,3287000,"KENTUCKY RIVER AT LOCK 6 NEAR SALVISA, KY",37.925632000000000,-84.821335000000005,NAD83,487.889999999999986,1,10/1/2007 0:00:00,2/15/2024 0:00:00,1,7/17/1986 0:00:00,2/16/2024 0:00:00,0510020507,Clear Creek-Kentucky River,895.6500244,0510020507,Clear Creek-Kentucky River,895.6500244
108,3287250,"KENTUCKY RIVER AT LOCK 5 NEAR TYRONE, KY",38.052880000000002,-84.831199999999995,NAD83,473.220000000000027,1,10/1/2007 0:00:00,2/15/2024 0:00:00,1,10/1/2003 0:00:00,2/16/2024 0:00:00,0510020507,Clear Creek-Kentucky River,895.6500244,0510020507,Clear Creek-Kentucky River,895.6500244
109,3287500,"KENTUCKY RIVER AT LOCK 4 AT FRANKFORT, KY",38.201740000000001,-84.881614999999996,NAD83,461.579999999999984,1,10/1/2007 0:00:00,2/15/2024 0:00:00,1,10/1/1987 0:00:00,2/16/2024 0:00:00,0510020507,Clear Creek-Kentucky River,895.6500244,0510020507,Clear Creek-Kentucky River,895.6500244
110,3287580,"N ELKHORN CR AT MAN O WAR BLVD NR CADENTOWN, KY",38.028410000000001,-84.401880000000006,NAD83,0.000000000000000,0,,,1,10/1/1997 0:00:00,6/10/2012 0:00:00,0510020508,North Elkhorn Creek,714.5700073,0510020508,North Elkhorn Creek,714.5700073
111,3287590,"N ELKHORN CR AT WINCHESTER RD NR LEXINGTON, KY",38.040070000000000,-84.411109999999994,NAD83,920.799999999999955,1,10/1/2007 0:00:00,2/15/2024 0:00:00,1,10/2/1997 0:00:00,2/16/2024 0:00:00,0510020508,North Elkhorn Creek,714.5700073,0510020508,North Elkhorn Creek,714.5700073
112,3287600,"N ELKHORN CR AT BRYAN STATION RD AT MONTROSE, KY",38.076466000000003,-84.413269999999997,NAD83,891.539999999999964,1,10/1/2007 0:00:00,2/15/2024 0:00:00,1,10/1/1997 0:00:00,2/16/2024 0:00:00,0510020508,North Elkhorn Creek,714.5700073,0510020508,North Elkhorn Creek,714.5700073
113,3288100,"NORTH ELKHORN CREEK AT GEORGETOWN, KY",38.219520000000003,-84.562995999999998,NAD83,784.090000000000032,1,10/1/2007 0:00:00,2/15/2024 0:00:00,1,12/12/1992 0:00:00,2/16/2024 0:00:00,0510020508,North Elkhorn Creek,714.5700073,0510020508,North Elkhorn Creek,714.5700073
114,3288110,"ROYAL SPRINGS AT GEORGETOWN, KY",38.209519999999998,-84.561890000000005,NAD83,797.120000000000005,1,10/1/2007 0:00:00,2/15/2024 0:00:00,1,12/12/1992 0:00:00,2/16/2024 0:00:00,0510020508,North Elkhorn Creek,714.5700073,0510020508,North Elkhorn Creek,714.5700073
115,3288180,"CANE RUN CREEK AT CITATION BLVD NR LEXINGTON, KY",38.091667000000001,-84.501390000000001,NAD83,888.879999999999995,1,6/14/2012 0:00:00,2/15/2024 0:00:00,1,10/1/2012 0:00:00,2/16/2024 0:00:00,0510020508,North Elkhorn Creek,714.5700073,0510020508,North Elkhorn Creek,714.5700073
116,3288190,"TRIB TO CANE RUN CR AT NEWTOWN PK NR LEXINGTON, KY",38.113610000000001,-84.482780000000005,NAD83,889.019999999999982,1,6/11/2012 0:00:00,2/15/2024 0:00:00,1,10/1/2012 0:00:00,2/16/2024 0:00:00,0510020508,North Elkhorn Creek,714.5700073,0510020508,North Elkhorn Creek,714.5700073
117,3288200,"CANE RUN AT BEREA ROAD NEAR DONERAIL, KY",38.138686999999997,-84.517166000000003,NAD83,0.000000000000000,0,,,1,2/17/1999 0:00:00,9/30/2010 0:00:00,0510020508,North Elkhorn Creek,714.5700073,0510020508,North Elkhorn Creek,714.5700073
118,3289000,"SOUTH ELKHORN CREEK AT FORT SPRING, KY",38.043132999999997,-84.626334999999997,NAD83,834.200000000000045,1,10/1/2007 0:00:00,2/15/2024 0:00:00,1,10/1/1987 0:00:00,2/16/2024 0:00:00,0510020509,South Elkhorn Creek-Elkhorn Creek,579.2600098,0510020509,South Elkhorn Creek-Elkhorn Creek,579.2600098
119,3289193,"WOLF RUN AT OLD FRANKFORT PIKE AT LEXINGTON, KY",38.066741999999998,-84.554379999999995,NAD83,861.789999999999964,1,10/2/2007 0:00:00,2/15/2024 0:00:00,1,10/1/1997 0:00:00,2/16/2024 0:00:00,0510020509,South Elkhorn Creek-Elkhorn Creek,579.2600098,0510020509,South Elkhorn Creek-Elkhorn Creek,579.2600098
120,3289200,"TOWN BRANCH AT YARNALLTON ROAD AT YARNALLTON, KY",38.103687000000001,-84.587999999999994,NAD83,821.820000000000050,1,10/1/2007 0:00:00,2/15/2024 0:00:00,1,10/1/1997 0:00:00,2/16/2024 0:00:00,0510020509,South Elkhorn Creek-Elkhorn Creek,579.2600098,0510020509,South Elkhorn Creek-Elkhorn Creek,579.2600098
121,3289300,"SOUTH ELKHORN CREEK NEAR MIDWAY, KY",38.140906999999999,-84.645225999999994,NAD83,779.730000000000018,1,10/1/2007 0:00:00,2/15/2024 0:00:00,1,10/1/1987 0:00:00,2/16/2024 0:00:00,0510020509,South Elkhorn Creek-Elkhorn Creek,579.2600098,0510020509,South Elkhorn Creek-Elkhorn Creek,579.2600098
122,3289500,"ELKHORN CREEK NEAR FRANKFORT, KY",38.268684000000000,-84.814673999999997,NAD83,540.289999999999964,1,10/1/2007 0:00:00,2/15/2024 0:00:00,1,10/17/1987 0:00:00,2/16/2024 0:00:00,0510020509,South Elkhorn Creek-Elkhorn Creek,579.2600098,0510020509,South Elkhorn Creek-Elkhorn Creek,579.2600098
123,3290080,"KENTUCKY RIVER AT LOCK 3 AT GEST, KY",38.416736999999998,-84.880780000000001,NAD83,445.290000000000020,1,10/1/2009 0:00:00,2/15/2024 0:00:00,1,9/1/2012 0:00:00,2/16/2024 0:00:00,0510020515,Cedar Creek-Kentucky River,926.4000244,0510020515,Cedar Creek-Kentucky River,926.4000244
124,3290500,"KENTUCKY RIVER AT LOCK 2 AT LOCKPORT, KY",38.438957000000002,-84.963290000000001,NAD83,433.360000000000014,1,10/1/2007 0:00:00,2/15/2024 0:00:00,1,10/1/1989 0:00:00,2/16/2024 0:00:00,0510020515,Cedar Creek-Kentucky River,926.4000244,0510020515,Cedar Creek-Kentucky River,926.4000244
125,3291000,"EAGLE CREEK AT SADIEVILLE, KY",38.389519999999997,-84.543273999999997,NAD83,756.039999999999964,1,9/15/2011 0:00:00,2/15/2024 0:00:00,1,10/1/2011 0:00:00,2/16/2024 0:00:00,0510020513,Upper Eagle Creek,940.0700073,0510020513,Upper Eagle Creek,940.0700073
126,3291500,"EAGLE CREEK AT GLENCOE, KY",38.706454999999998,-84.824809999999999,NAD83,507.509999999999991,1,10/1/2007 0:00:00,2/15/2024 0:00:00,1,10/6/1995 0:00:00,2/16/2024 0:00:00,0510020514,Lower Eagle Creek,404.6700134,0510020514,Lower Eagle Creek,404.6700134
127,3291585,"KENTUCKY RIVER AT LOCK 1 NEAR CARROLLTON, KY",38.658703000000003,-85.144790000000000,NAD83,418.850000000000023,1,11/16/2018 0:00:00,2/15/2024 0:00:00,0,,,0510020515,Cedar Creek-Kentucky River,926.4000244,0510020515,Cedar Creek-Kentucky River,926.4000244
129,3292460,"HARRODS CREEK NEAR LA GRANGE, KY",38.447290000000002,-85.409130000000005,NAD83,662.639999999999986,0,,,1,10/1/1987 0:00:00,9/30/1994 0:00:00,0514010105,Harrods Creek,278.6799927,0514010105,Harrods Creek,278.6799927
130,3292470,"HARRODS CREEK AT HIGHWAY 329 NR GOSHEN, KY.",38.361179999999997,-85.574600000000004,NAD83,441.110000000000014,1,10/1/2007 0:00:00,2/15/2024 0:00:00,1,1/1/1999 0:00:00,2/16/2024 0:00:00,0514010105,Harrods Creek,278.6799927,0514010105,Harrods Creek,278.6799927
131,3292474,"GOOSE CREEK AT OLD WESTPORT RD NR ST MATTHEWS, KY",38.275900000000000,-85.606070000000003,NAD83,545.320000000000050,1,10/20/2007 0:00:00,2/15/2024 0:00:00,1,10/1/1996 0:00:00,2/16/2024 0:00:00,0514010106,Goose Creek-Ohio River,439.6499939,0514010106,Goose Creek-Ohio River,439.6499939
132,3292475,"GOOSE CREEK AT US HWY 42 NEAR GLENVIEW ACRES, KY",38.303401999999998,-85.628010000000003,NAD83,429.480000000000018,1,10/1/2007 0:00:00,2/15/2024 0:00:00,1,11/1/1999 0:00:00,2/16/2024 0:00:00,0514010106,Goose Creek-Ohio River,439.6499939,0514010106,Goose Creek-Ohio River,439.6499939
133,3292480,"LITTLE GOOSE CREEK NEAR HARRODS CREEK, KY",38.312762999999997,-85.626149999999996,NAD83,442.850000000000023,1,10/1/2007 0:00:00,2/15/2024 0:00:00,1,12/3/1998 0:00:00,2/16/2024 0:00:00,0514010106,Goose Creek-Ohio River,439.6499939,0514010106,Goose Creek-Ohio River,439.6499939
134,3292494,"OHIO RIVER AT WATER TOWER AT LOUISVILLE, KY",38.281179999999999,-85.702190000000002,NAD83,406.680000000000007,1,11/13/2013 0:00:00,2/15/2024 0:00:00,1,11/28/2013 0:00:00,2/16/2024 0:00:00,0514010106,Goose Creek-Ohio River,439.6499939,0514010106,Goose Creek-Ohio River,439.6499939
135,3292500,"SOUTH FORK BEARGRASS CREEK AT LOUISVILLE, KY",38.211460000000002,-85.702460000000002,NAD83,444.759999999999991,1,10/1/2007 0:00:00,2/15/2024 0:00:00,1,6/1/1988 0:00:00,2/16/2024 0:00:00,0514010109,Beargrass Creek-Ohio River,547.8099976,0514010109,Beargrass Creek-Ohio River,547.8099976
136,3292550,"S FK BEARGRASS CR AT WINTER AVE AT LOUISVILLE, KY",38.234515999999999,-85.730514999999997,NAD83,0.000000000000000,0,,,1,10/1/1998 0:00:00,9/30/2010 0:00:00,0514010109,Beargrass Creek-Ohio River,547.8099976,0514010109,Beargrass Creek-Ohio River,547.8099976
137,3292557,"S FK BEARGRASS CR AT MASON AVE NR LOUISVILLE, KY",38.241500000000002,-85.736879999999999,NAD83,0.000000000000000,1,11/7/2014 0:00:00,1/4/2017 0:00:00,0,,,0514010109,Beargrass Creek-Ohio River,547.8099976,0514010109,Beargrass Creek-Ohio River,547.8099976
138,3293000,"M FK BEARGRASS CR AT OLD CANNONS LN AT LOUISVILLE,",38.237293000000001,-85.664680000000004,NAD83,475.759999999999991,1,10/1/2007 0:00:00,2/15/2024 0:00:00,1,10/1/1987 0:00:00,2/16/2024 0:00:00,0514010109,Beargrass Creek-Ohio River,547.8099976,0514010109,Beargrass Creek-Ohio River,547.8099976
139,3293500,"M FK BEARGRASS CR AT LEXINGTON RD AT LOUISVILLE,KY",38.250346999999998,-85.716629999999995,NAD83,430.500000000000000,1,10/1/2007 0:00:00,2/15/2024 0:00:00,1,7/1/2003 0:00:00,2/16/2024 0:00:00,0514010109,Beargrass Creek-Ohio River,547.8099976,0514010109,Beargrass Creek-Ohio River,547.8099976
140,3293510,"BEARGRASS CREEK AT RIVER ROAD AT LOUISVILLE, KY",38.265903000000002,-85.720794999999995,NAD83,411.740000000000009,1,1/15/2008 0:00:00,2/15/2024 0:00:00,1,3/12/2008 0:00:00,2/16/2024 0:00:00,0514010109,Beargrass Creek-Ohio River,547.8099976,0514010109,Beargrass Creek-Ohio River,547.8099976
141,3293530,"MUDDY FK AT MOCKINGBIRD VALLEY RD AT LOUISVILLE,KY",38.276460000000000,-85.693569999999994,NAD83,424.620000000000005,1,10/25/2007 0:00:00,2/15/2024 0:00:00,1,10/1/2002 0:00:00,2/16/2024 0:00:00,0514010109,Beargrass Creek-Ohio River,547.8099976,0514010109,Beargrass Creek-Ohio River,547.8099976
142,3293551,"OHIO R US OF MCALPINE DAM @ RRB AT LOUISVILLE, KY",38.265903000000002,-85.768850000000000,NAD83,406.680000000000007,1,3/3/2008 0:00:00,2/15/2024 0:00:00,0,,,0514010109,Beargrass Creek-Ohio River,547.8099976,0514010109,Beargrass Creek-Ohio River,547.8099976
145,3294500,"OHIO RIVER AT LOUISVILLE, KY",38.280346000000002,-85.799130000000005,NAD83,373.180000000000007,1,10/1/2007 0:00:00,2/15/2024 0:00:00,1,9/21/2009 0:00:00,2/16/2024 0:00:00,0514010109,Beargrass Creek-Ohio River,547.8099976,0514010109,Beargrass Creek-Ohio River,547.8099976
146,3294550,"MILL CREEK CUTOFF NEAR LOUISVILLE, KY",38.177570000000003,-85.866905000000003,NAD83,413.920000000000016,1,10/1/2007 0:00:00,2/15/2024 0:00:00,1,5/11/1988 0:00:00,2/16/2024 0:00:00,0514010109,Beargrass Creek-Ohio River,547.8099976,0514010109,Beargrass Creek-Ohio River,547.8099976
147,3294560,"OHIO RIVER BELOW RIVERVIEW PK NR LOUISVILLE, KY",38.134712000000000,-85.901229999999998,NAD83,372.310000000000002,1,9/1/2022 0:00:00,2/15/2024 0:00:00,0,,,0514010109,Beargrass Creek-Ohio River,547.8099976,0514010109,Beargrass Creek-Ohio River,547.8099976
148,3294570,"MILL CREEK AT ORELL ROAD NEAR LOUISVILLE, KY",38.078125000000000,-85.889960000000002,NAD83,405.509999999999991,1,10/1/2007 0:00:00,2/15/2024 0:00:00,1,8/1/1999 0:00:00,2/16/2024 0:00:00,0514010109,Beargrass Creek-Ohio River,547.8099976,0514010109,Beargrass Creek-Ohio River,547.8099976
149,3294600,"OHIO RIVER AT KOSMOSDALE, KY",38.034793999999998,-85.914130000000000,NAD83,372.750000000000000,1,10/1/2007 0:00:00,2/15/2024 0:00:00,0,,,0514010109,Beargrass Creek-Ohio River,547.8099976,0514010109,Beargrass Creek-Ohio River,547.8099976
150,3295400,"SALT RIVER AT GLENSBORO, KY",38.002014000000003,-85.060509999999994,NAD83,584.519999999999982,1,10/1/2007 0:00:00,2/15/2024 0:00:00,1,5/5/1989 0:00:00,2/16/2024 0:00:00,0514010202,Crooked Creek-Salt River,168.2400055,0514010202,Crooked Creek-Salt River,168.2400055
151,3295597,"TAYLORSVILLE LAKE NEAR TAYLORSVILLE, KY",38.016452999999998,-85.307730000000006,NAD83,0.000000000000000,1,11/9/2020 0:00:00,2/15/2024 0:00:00,0,,,0514010203,Beech Creek-Salt River,341.9599915,0514010203,Beech Creek-Salt River,341.9599915
152,3295702,"BULLSKIN CREEK NEAR SIMPSONVILLE, KY",38.218679999999999,-85.301900000000003,NAD83,0.000000000000000,0,,,1,5/1/1998 0:00:00,9/30/2007 0:00:00,0514010204,Bullskin Creek-Clear Creek,354.6000061,0514010204,Bullskin Creek-Clear Creek,354.6000061
153,3295890,"BRASHEARS CREEK AT TAYLORSVILLE, KY",38.037010000000002,-85.340789999999998,NAD83,466.230000000000018,1,10/1/2007 0:00:00,2/15/2024 0:00:00,1,10/1/1987 0:00:00,2/16/2024 0:00:00,0514010205,Brashears Creek,324.3599854,0514010205,Brashears Creek,324.3599854
154,3297800,"CEDAR CREEK AT HWY 1442 NEAR SHEPHERDSVILLE, KY",37.991109999999999,-85.641109999999998,NAD83,422.189999999999998,1,10/1/2007 0:00:00,2/15/2024 0:00:00,1,4/27/2002 0:00:00,2/16/2024 0:00:00,0514010211,Long Lick Creek-Salt River,226.1999969,0514010211,Long Lick Creek-Salt River,226.1999969
155,3297845,"FLOYDS FORK NEAR CRESTWOOD, KY",38.298679999999997,-85.426630000000003,NAD83,0.000000000000000,0,,,1,9/24/1987 0:00:00,9/30/1991 0:00:00,0514010208,Upper Floyds Fork,445.1199951,0514010208,Upper Floyds Fork,445.1199951
156,3297900,"FLOYDS FORK NEAR PEWEE VALLEY, KY",38.285347000000002,-85.467460000000003,NAD83,598.899999999999977,1,10/1/2007 0:00:00,2/15/2024 0:00:00,1,10/1/1991 0:00:00,2/16/2024 0:00:00,0514010208,Upper Floyds Fork,445.1199951,0514010208,Upper Floyds Fork,445.1199951
157,3298000,"FLOYDS FORK AT FISHERVILLE, KY",38.188400000000001,-85.460235999999995,NAD83,542.039999999999964,1,10/1/2007 0:00:00,2/15/2024 0:00:00,1,10/1/1987 0:00:00,2/16/2024 0:00:00,0514010208,Upper Floyds Fork,445.1199951,0514010208,Upper Floyds Fork,445.1199951
158,3298135,"CHENOWETH RUN AT RUCKRIEGAL PARKWAY, KY",38.194789999999998,-85.557180000000002,NAD83,593.740000000000009,1,10/1/2007 0:00:00,2/15/2024 0:00:00,1,1/23/1996 0:00:00,2/16/2024 0:00:00,0514010210,Lower Floyds Fork,290.3999939,0514010210,Lower Floyds Fork,290.3999939
159,3298150,"CHENOWETH RUN AT GELHAUS LANE NEAR FERN CREEK, KY",38.160069999999997,-85.542180000000002,NAD83,532.659999999999968,1,10/1/2007 0:00:00,2/15/2024 0:00:00,1,1/25/1996 0:00:00,2/16/2024 0:00:00,0514010210,Lower Floyds Fork,290.3999939,0514010210,Lower Floyds Fork,290.3999939
160,3298200,"FLOYDS FORK NEAR MT WASHINGTON, KY",38.085341999999997,-85.554955000000007,NAD83,456.839999999999975,1,10/1/2007 0:00:00,2/15/2024 0:00:00,1,10/4/2001 0:00:00,2/16/2024 0:00:00,0514010210,Lower Floyds Fork,290.3999939,0514010210,Lower Floyds Fork,290.3999939
161,3298242,"CEDAR CREEK AT FAIRMOUNT RD NR MT WASHINGTON, KY",38.122844999999998,-85.428010000000000,NAD83,0.000000000000000,0,,,1,12/19/1992 0:00:00,9/30/1998 0:00:00,0514010209,Plum Creek-Salt River,270.6600037,0514010209,Plum Creek-Salt River,270.6600037
162,3298250,"CEDAR CREEK AT THIXTON ROAD NEAR LOUISVILLE, KY",38.079230000000003,-85.616066000000004,NAD83,549.399999999999977,1,10/1/2007 0:00:00,2/15/2024 0:00:00,1,10/1/2007 0:00:00,2/16/2024 0:00:00,0514010210,Lower Floyds Fork,290.3999939,0514010210,Lower Floyds Fork,290.3999939
163,3298300,PENNSLYVANIA RUN AT MT WASHINGTON RD NR LOUISVILLE,38.087566000000002,-85.642455999999996,NAD83,522.700000000000045,1,10/1/2007 0:00:00,2/15/2024 0:00:00,1,10/7/1998 0:00:00,2/16/2024 0:00:00,0514010210,Lower Floyds Fork,290.3999939,0514010210,Lower Floyds Fork,290.3999939
164,3298470,"FLOYDS FORK NEAR SHEPHERDSVILLE, KY",38.003399999999999,-85.682180000000002,NAD83,406.110000000000014,1,10/1/2007 0:00:00,2/15/2024 0:00:00,0,,,0514010210,Lower Floyds Fork,290.3999939,0514010210,Lower Floyds Fork,290.3999939
165,3298500,"SALT RIVER AT SHEPHERDSVILLE, KY",37.985064999999999,-85.717460000000003,NAD83,406.110000000000014,1,10/1/2007 0:00:00,2/15/2024 0:00:00,1,2/21/1987 0:00:00,2/16/2024 0:00:00,0514010211,Long Lick Creek-Salt River,226.1999969,0514010211,Long Lick Creek-Salt River,226.1999969
166,3298550,"LONG LICK AT CLERMONT, KY",37.927840000000003,-85.653570000000002,NAD83,461.839999999999975,1,10/1/2007 0:00:00,2/15/2024 0:00:00,1,4/1/1992 0:00:00,2/16/2024 0:00:00,0514010211,Long Lick Creek-Salt River,226.1999969,0514010211,Long Lick Creek-Salt River,226.1999969
167,3298940,"ROLLING FORK AT HWY 208 AT CALVARY, KY",37.512500000000003,-85.261110000000002,NAD83,605.379999999999995,1,8/19/2021 0:00:00,2/15/2024 0:00:00,1,8/19/2021 0:00:00,2/16/2024 0:00:00,0514010304,Upper Rolling Fork,619.2399902,0514010304,Upper Rolling Fork,619.2399902
168,3299000,"ROLLING FORK NEAR LEBANON, KY",37.497287999999998,-85.323849999999993,NAD83,580.740000000000009,0,,,1,10/1/1987 0:00:00,9/30/1992 0:00:00,0514010304,Upper Rolling Fork,619.2399902,0514010304,Upper Rolling Fork,619.2399902
169,3299500,"ROLLING FORK AT NEW HAVEN, KY",37.649506000000002,-85.597459999999998,NAD83,438.850000000000023,1,9/9/2016 0:00:00,2/15/2024 0:00:00,1,9/9/2016 0:00:00,2/16/2024 0:00:00,0514010305,Middle Rolling Fork,797.7100220,0514010305,Middle Rolling Fork,797.7100220
170,3300400,"BEECH FORK AT MAUD, KY",37.832839999999997,-85.296070000000000,NAD83,529.519999999999982,1,10/1/2007 0:00:00,2/15/2024 0:00:00,1,10/1/1987 0:00:00,2/16/2024 0:00:00,0514010303,Lower Beech Fork,822.3699951,0514010303,Lower Beech Fork,822.3699951
171,3301000,"BEECH FORK AT BARDSTOWN, KY",37.797004999999999,-85.480789999999999,NAD83,438.660000000000025,1,10/1/2007 0:00:00,2/15/2024 0:00:00,1,11/8/1997 0:00:00,2/16/2024 0:00:00,0514010303,Lower Beech Fork,822.3699951,0514010303,Lower Beech Fork,822.3699951
172,3301500,"ROLLING FORK NEAR BOSTON, KY",37.767283999999997,-85.703850000000003,NAD83,400.040000000000020,1,10/1/2007 0:00:00,2/15/2024 0:00:00,1,12/25/1989 0:00:00,2/16/2024 0:00:00,0514010306,Lower Rolling Fork,388.3200073,0514010306,Lower Rolling Fork,388.3200073
173,3301630,"ROLLING FORK NEAR LEBANON JUNCTION, KY",37.822839999999999,-85.747733999999994,NAD83,384.420000000000016,1,10/1/2007 0:00:00,2/15/2024 0:00:00,0,,,0514010306,Lower Rolling Fork,388.3200073,0514010306,Lower Rolling Fork,388.3200073
174,3301700,"MILL CREEK NEAR FORT KNOX, KY",37.883400000000002,-85.914406000000000,NAD83,0.000000000000000,0,,,1,5/1/1998 0:00:00,9/30/2010 0:00:00,0514010213,Mill Creek-Salt River,222.9499969,0514010213,Mill Creek-Salt River,222.9499969
175,3301900,"FERN CREEK AT OLD BARDSTOWN RD AT LOUISVILLE, KY",38.175624999999997,-85.615234000000001,NAD83,550.250000000000000,1,10/1/2007 0:00:00,2/15/2024 0:00:00,1,9/18/1997 0:00:00,2/16/2024 0:00:00,0514010212,Pond Creek,327.1900024,0514010212,Pond Creek,327.1900024
176,3301940,"NORTHERN DITCH AT OKOLONA, KY",38.150345000000002,-85.693569999999994,NAD83,447.000000000000000,1,1/3/2008 0:00:00,2/14/2024 0:00:00,1,10/1/1993 0:00:00,2/16/2024 0:00:00,0514010212,Pond Creek,327.1900024,0514010212,Pond Creek,327.1900024
177,3302000,"POND CREEK NEAR LOUISVILLE, KY",38.119793000000001,-85.795800000000000,NAD83,429.759999999999991,1,10/1/2007 0:00:00,2/15/2024 0:00:00,1,10/1/1990 0:00:00,2/16/2024 0:00:00,0514010212,Pond Creek,327.1900024,0514010212,Pond Creek,327.1900024
178,3302030,"POND CREEK AT PENDLETON ROAD NEAR LOUISVILLE, KY",38.054237000000001,-85.871629999999996,NAD83,404.220000000000027,1,10/1/2007 0:00:00,2/15/2024 0:00:00,1,12/5/1998 0:00:00,2/16/2024 0:00:00,0514010212,Pond Creek,327.1900024,0514010212,Pond Creek,327.1900024
179,3302050,"BRIER CREEK AT PENDELTON ROAD NEAR LOUISVILLE, KY",38.046931999999998,-85.857270000000000,NAD83,436.660000000000025,1,10/1/2007 0:00:00,2/15/2024 0:00:00,1,1/1/1999 0:00:00,2/16/2024 0:00:00,0514010212,Pond Creek,327.1900024,0514010212,Pond Creek,327.1900024
180,3302058,"Salt River at Main Range Rd nr West Point, KY",37.992220000000003,-85.922060000000002,NAD83,0.000000000000000,1,3/15/2023 0:00:00,2/15/2024 0:00:00,0,,,0514010213,Mill Creek-Salt River,222.9499969,0514010213,Mill Creek-Salt River,222.9499969
181,3302060,"SALT RIVER AT MOUTH AT WEST POINT, KY",38.001182999999997,-85.942183999999997,NAD83,373.699999999999989,1,8/13/2021 0:00:00,10/5/2023 0:00:00,0,,,0514010213,Mill Creek-Salt River,222.9499969,0514010213,Mill Creek-Salt River,222.9499969
182,3302110,OTTER CREEK AT OTTER CR PARK NEAR ROCK HAVEN KY.,37.923405000000002,-86.030519999999996,NAD83,0.000000000000000,0,,,1,1/1/1999 0:00:00,9/30/2010 0:00:00,0514010401,Otter Creek-Ohio River,553.8200073,0514010401,Otter Creek-Ohio River,553.8200073
188,3303205,"SINKING CREEK NEAR LODIBURG, KY",37.868397000000002,-86.387760000000000,NAD83,0.000000000000000,0,,,1,5/28/2004 0:00:00,4/30/2007 0:00:00,0514010413,Sinking Creek,620.4299927,0514010413,Sinking Creek,620.4299927
189,3303280,"OHIO RIVER AT CANNELTON DAM AT CANNELTON, IN",37.899500000000003,-86.705539999999999,NAD83,346.980000000000018,1,10/1/2007 0:00:00,2/14/2024 0:00:00,1,10/1/2015 0:00:00,2/15/2024 0:00:00,0514020102,Clover Creek-Ohio River,420.3099976,0514020102,Clover Creek-Ohio River,420.3099976
191,3303502,"OHIO RIVER AT RIVERPORT AT OWENSBORO, KY",37.793610000000001,-87.141610000000000,NAD83,337.959999999999980,1,10/20/2022 0:00:00,2/14/2024 0:00:00,0,,,0514020112,Caney Creek-Ohio River,274.1300049,0514020112,Caney Creek-Ohio River,274.1300049
192,3304300,"OHIO RIVER AT NEWBURGH LOCK AND DAM, IN",37.928379999999997,-87.375010000000003,NAD83,329.199999999999989,1,10/2/2014 0:00:00,2/14/2024 0:00:00,0,,,0514020112,Caney Creek-Ohio River,274.1300049,0514020112,Caney Creek-Ohio River,274.1300049
193,3305000,"GREEN RIVER NEAR MCKINNEY, KY",37.422020000000003,-84.750219999999999,NAD83,893.120000000000005,1,9/28/2010 0:00:00,2/15/2024 0:00:00,1,9/28/2010 0:00:00,2/16/2024 0:00:00,0511000101,South Fork Green River-Green River,1015.1400146,0511000101,South Fork Green River-Green River,1015.1400146
194,3305990,"GREEN RIVER LAKE NEAR CAMPBELLSVILLE, KY",37.247839999999997,-85.339966000000004,NAD83,0.000000000000000,1,10/18/2023 0:00:00,2/15/2024 0:00:00,0,,,0511000103,Casey Creek-Green River,439.5400085,0511000103,Casey Creek-Green River,439.5400085
195,3306000,"GREEN RIVER NEAR CAMPBELLSVILLE, KY",37.240340000000003,-85.347179999999994,NAD83,499.550000000000011,1,10/1/2007 0:00:00,2/15/2024 0:00:00,1,10/10/1986 0:00:00,9/30/1994 0:00:00,0511000103,Casey Creek-Green River,439.5400085,0511000103,Casey Creek-Green River,439.5400085
196,3306500,"GREEN RIVER AT GREENSBURG, KY",37.253670000000000,-85.503020000000006,NAD83,531.240000000000009,1,10/1/2007 0:00:00,2/14/2024 0:00:00,1,10/1/2004 0:00:00,9/30/2008 0:00:00,0511000107,Big Brush Creek-Green River,598.9299927,0511000107,Big Brush Creek-Green River,598.9299927
197,3307000,"RUSSELL CREEK NEAR COLUMBIA, KY",37.125476999999997,-85.404076000000003,NAD83,604.720000000000027,1,10/1/2007 0:00:00,2/14/2024 0:00:00,1,5/30/1986 0:00:00,2/15/2024 0:00:00,0511000104,Russell Creek,749.3499756,0511000104,Russell Creek,749.3499756
198,3307260,"LITTLE PITMAN CREEK NEAR CAMPBELLSVILLE, KY",37.347285999999997,-85.390240000000006,NAD83,0.000000000000000,0,,,1,8/10/1990 0:00:00,10/5/1995 0:00:00,0511000105,Big Pitman Creek,350.9200134,0511000105,Big Pitman Creek,350.9200134
199,3308500,"GREEN RIVER AT MUNFORDVILLE, KY",37.269444000000000,-85.888053999999997,NAD83,451.269999999999982,1,10/1/2007 0:00:00,2/14/2024 0:00:00,1,3/29/1986 0:00:00,2/15/2024 0:00:00,0511000108,Ugly Creek-Green River,937.6900024,0511000108,Ugly Creek-Green River,937.6900024
200,3309000,"GREEN RIVER AT MAMMOTH CAVE, KY",37.180050000000001,-86.112470000000002,NAD83,409.350000000000023,1,11/14/2017 0:00:00,2/14/2024 0:00:00,1,11/14/2017 0:00:00,2/15/2024 0:00:00,0511000113,Beaverdam Creek-Green River,470.1300049,0511000113,Beaverdam Creek-Green River,470.1300049
201,3310000,"NORTH FORK NOLIN RIVER AT HODGENVILLE, KY",37.578055999999997,-85.753609999999995,NAD83,693.000000000000000,1,9/10/2010 0:00:00,2/15/2024 0:00:00,1,9/10/2010 0:00:00,2/16/2024 0:00:00,0511000109,Upper Nolin River,265.3500061,0511000109,Upper Nolin River,265.3500061
202,3310300,"NOLIN RIVER AT WHITE MILLS, KY",37.562004000000002,-86.036640000000006,NAD83,589.679999999999950,1,10/1/2007 0:00:00,2/15/2024 0:00:00,1,10/1/1987 0:00:00,2/16/2024 0:00:00,0511000110,Middle Nolin River,952.8900146,0511000110,Middle Nolin River,952.8900146
203,3310400,"BACON CREEK NEAR PRICEVILLE, KY",37.351944000000003,-85.966110000000000,NAD83,580.389999999999986,1,9/9/2010 0:00:00,2/14/2024 0:00:00,1,10/1/1987 0:00:00,2/15/2024 0:00:00,0511000111,Lower Nolin River,662.4400024,0511000111,Lower Nolin River,662.4400024
204,3310900,"NOLIN LAKE NEAR KYROCK, KY",37.278379999999999,-86.247474999999994,NAD83,0.000000000000000,1,10/18/2023 0:00:00,2/14/2024 0:00:00,0,,,0511000111,Lower Nolin River,662.4400024,0511000111,Lower Nolin River,662.4400024
205,3311000,"NOLIN RIVER AT KYROCK, KY",37.274216000000003,-86.250810000000001,NAD83,399.610000000000014,1,10/1/2007 0:00:00,2/14/2024 0:00:00,0,,,0511000111,Lower Nolin River,662.4400024,0511000111,Lower Nolin River,662.4400024
206,3311500,"GREEN RIVER AT LOCK 6 AT BROWNSVILLE, KY",37.206992999999997,-86.261086000000006,NAD83,413.029999999999973,1,10/1/2007 0:00:00,3/27/2017 0:00:00,1,9/30/1986 0:00:00,9/30/1992 0:00:00,0511000113,Beaverdam Creek-Green River,470.1300049,0511000113,Beaverdam Creek-Green River,470.1300049
207,3311505,"GREEN RIVER AT WATER PLANT AT BROWNSVILLE, KY",37.203229999999998,-86.259590000000003,NAD83,383.170000000000016,1,3/30/2017 0:00:00,2/14/2024 0:00:00,0,,,0511000113,Beaverdam Creek-Green River,470.1300049,0511000113,Beaverdam Creek-Green River,470.1300049
208,3311600,"BEAVERDAM CREEK AT RHODA, KY",37.155050000000003,-86.226364000000004,NAD83,513.809999999999945,0,,,1,10/1/1987 0:00:00,9/30/1994 0:00:00,0511000113,Beaverdam Creek-Green River,470.1300049,0511000113,Beaverdam Creek-Green River,470.1300049
209,3312765,"BEAVER CREEK AT HWY 31 E NEAR GLASGOW, KY",37.034775000000003,-85.903589999999994,NAD83,0.000000000000000,0,,,1,9/1/1991 0:00:00,9/30/2002 0:00:00,0511000203,Skaggs Creek,808.0700073,0511000203,Skaggs Creek,808.0700073
210,3312900,"BARREN RIVER LAKE NEAR FINNEY, KY",36.891990000000000,-86.124150000000000,NAD83,500.000000000000000,1,10/18/2023 0:00:00,2/14/2024 0:00:00,0,,,0511000204,Bays Fork-Barren River,389.5299988,0511000204,Bays Fork-Barren River,389.5299988
211,3313000,"BARREN RIVER NEAR FINNEY, KY",36.895046000000001,-86.133870000000002,NAD83,399.350000000000023,1,10/1/2007 0:00:00,2/14/2024 0:00:00,1,3/6/1987 0:00:00,9/30/1994 0:00:00,0511000204,Bays Fork-Barren River,389.5299988,0511000204,Bays Fork-Barren River,389.5299988
212,3313700,"WEST FORK DRAKES CREEK NEAR FRANKLIN, KY",36.723373000000002,-86.552216000000001,NAD83,581.730000000000018,1,10/1/2007 0:00:00,2/14/2024 0:00:00,1,10/1/1988 0:00:00,2/15/2024 0:00:00,0511000206,Drakes Creek,947.2299805,0511000206,Drakes Creek,947.2299805
213,3314000,"DRAKES CREEK NEAR ALVATON, KY",36.895319999999998,-86.380549999999999,NAD83,441.600000000000023,1,10/1/2007 0:00:00,2/14/2024 0:00:00,1,10/1/2009 0:00:00,2/15/2024 0:00:00,0511000206,Drakes Creek,947.2299805,0511000206,Drakes Creek,947.2299805
214,3314500,"BARREN RIVER AT BOWLING GREEN, KY",37.002820000000000,-86.432770000000005,NAD83,409.160000000000025,1,10/5/2007 0:00:00,2/14/2024 0:00:00,1,10/1/1987 0:00:00,2/15/2024 0:00:00,0511000209,Little Muddy Creek-Barren River,561.1400146,0511000209,Little Muddy Creek-Barren River,561.1400146
215,3315500,"GREEN RIVER AT LOCK 4 AT WOODBURY, KY",37.182265999999998,-86.629990000000006,NAD83,378.720000000000027,1,10/1/2007 0:00:00,2/14/2024 0:00:00,1,10/1/1987 0:00:00,9/30/1992 0:00:00,0511000303,Indian Camp Creek-Green River,676.9299927,0511000303,Indian Camp Creek-Green River,676.9299927
216,3315850,"GREEN RIVER AT ROCHESTER, KY",37.215668000000001,-86.893555000000006,NAD83,351.970000000000027,1,12/15/2021 0:00:00,2/14/2024 0:00:00,0,,,0511000303,Indian Camp Creek-Green River,676.9299927,0511000303,Indian Camp Creek-Green River,676.9299927
217,3316275,"MUD RIVER NEAR HUNTSVILLE, KY",37.123379999999997,-86.900549999999996,NAD83,0.000000000000000,0,,,1,10/31/1991 0:00:00,9/30/1994 0:00:00,0511000302,Mud River,966.9199829,0511000302,Mud River,966.9199829
218,3316500,"GREEN RIVER AT PARADISE, KY",37.263930000000002,-86.977776000000006,NAD83,362.790000000000020,1,10/1/2007 0:00:00,2/14/2024 0:00:00,1,7/4/1991 0:00:00,2/15/2024 0:00:00,0511000305,Lewis Creek-Green River,424.2000122,0511000305,Lewis Creek-Green River,424.2000122
219,3316645,"GREEN RIVER AT ROCKPORT, KY",37.335323000000002,-87.002769999999998,NAD83,362.790000000000020,1,10/1/2007 0:00:00,2/14/2024 0:00:00,0,,,0511000305,Lewis Creek-Green River,424.2000122,0511000305,Lewis Creek-Green River,424.2000122
220,3318005,"ROUGH RIVER LAKE NEAR FALLS OF ROUGH, KY",37.620055999999998,-86.499430000000004,NAD83,0.000000000000000,1,10/18/2023 0:00:00,2/14/2024 0:00:00,0,,,0511000403,Spring Fork-Rough River,546.9500122,0511000403,Spring Fork-Rough River,546.9500122
221,3318010,"ROUGH RIVER NEAR FALLS OF ROUGH AT DAM, KY",37.622000000000000,-86.504149999999996,NAD83,399.550000000000011,1,10/1/2016 0:00:00,2/14/2024 0:00:00,0,,,0511000403,Spring Fork-Rough River,546.9500122,0511000403,Spring Fork-Rough River,546.9500122
222,3318800,"CANEY CREEK NEAR HORSE BRANCH, KY",37.463940000000001,-86.655540000000002,NAD83,415.769999999999982,1,9/9/2010 0:00:00,2/14/2024 0:00:00,1,10/1/1987 0:00:00,2/15/2024 0:00:00,0511000404,Caney Creek-Rough River,652.7399902,0511000404,Caney Creek-Rough River,652.7399902
223,3319000,"ROUGH RIVER NEAR DUNDEE, KY",37.547550000000001,-86.721660000000000,NAD83,392.839999999999975,1,10/1/2007 0:00:00,2/14/2024 0:00:00,1,1/1/1987 0:00:00,9/30/2004 0:00:00,0511000404,Caney Creek-Rough River,652.7399902,0511000404,Caney Creek-Rough River,652.7399902
224,3319600,"ROUGH RIVER AT HARTFORD, KY",37.453102000000001,-86.910830000000004,NAD83,351.569999999999993,1,12/17/2018 0:00:00,2/14/2024 0:00:00,1,12/17/2018 0:00:00,2/15/2024 0:00:00,0511000405,Muddy Creek-Rough River,664.7600098,0511000405,Muddy Creek-Rough River,664.7600098
225,3319885,"GREEN RIVER AT LIVERMORE, KY",37.485602999999998,-87.136380000000003,NAD83,359.769999999999982,1,10/1/2007 0:00:00,2/14/2024 0:00:00,0,,,0511000502,Long Falls Creek-Green River,398.2699890,0511000502,Long Falls Creek-Green River,398.2699890
226,3320000,"GREEN RIVER AT LOCK 2 AT CALHOUN, KY",37.533935999999997,-87.263885000000002,NAD83,353.620000000000005,1,10/1/2007 0:00:00,2/14/2024 0:00:00,1,2/6/1987 0:00:00,2/15/2024 0:00:00,0511000502,Long Falls Creek-Green River,398.2699890,0511000502,Long Falls Creek-Green River,398.2699890
227,3320500,"POND RIVER NEAR APEX, KY",37.122264999999999,-87.319440000000000,NAD83,384.399999999999977,1,10/7/2007 0:00:00,2/14/2024 0:00:00,1,10/23/1987 0:00:00,2/15/2024 0:00:00,0511000602,Buck Fork Pond River-Pond River,565.6300049,0511000602,Buck Fork Pond River-Pond River,565.6300049
228,3321210,"CYPRESS CREEK NEAR CALHOUN, KY",37.488934000000000,-87.286109999999994,NAD83,0.000000000000000,0,,,1,3/7/1990 0:00:00,9/30/1994 0:00:00,0511000604,Cypress Creek,391.3500061,0511000604,Cypress Creek,391.3500061
229,3321350,"SOUTH FORK PANTHER CREEK NEAR WHITESVILLE, KY",37.618940000000002,-86.887490000000000,NAD83,399.639999999999986,1,9/9/2011 0:00:00,2/14/2024 0:00:00,1,9/10/2011 0:00:00,2/15/2024 0:00:00,0511000503,Panther Creek,972.2800293,0511000503,Panther Creek,972.2800293
230,3321500,"GREEN RIVER AT LOCK 1 AT SPOTTSVILLE, KY",37.858376000000000,-87.409729999999996,NAD83,339.560000000000002,1,8/10/2013 0:00:00,2/14/2024 0:00:00,1,8/10/2013 0:00:00,2/15/2024 0:00:00,0511000505,Race Creek-Green River,412.5199890,0511000505,Race Creek-Green River,412.5199890
231,3322000,"OHIO RIVER AT EVANSVILLE, IN",37.972262999999998,-87.576400000000007,NAD83,328.319999999999993,1,10/2/2014 0:00:00,2/14/2024 0:00:00,0,,,0514020204,Canoe Creek-Ohio River,470.3099976,0514020204,Canoe Creek-Ohio River,470.3099976
232,3322190,"OHIO RIVER AT HENDERSON, KY",37.845596000000000,-87.592240000000004,NAD83,329.470000000000027,1,10/2/2014 0:00:00,2/14/2024 0:00:00,0,,,0514020204,Canoe Creek-Ohio River,470.3099976,0514020204,Canoe Creek-Ohio River,470.3099976
233,3322360,"BEAVERDAM CREEK NEAR CORYDON, KY",37.703930000000000,-87.697789999999998,NAD83,0.000000000000000,0,,,1,2/20/1988 0:00:00,9/30/1994 0:00:00,0514020205,Upper Highland Creek,387.0199890,0514020205,Upper Highland Creek,387.0199890
234,3322420,"OHIO RIVER AT UNIONTOWN DAM, KY",37.797156999999999,-87.998339999999999,NAD83,310.949999999999989,1,10/2/2014 0:00:00,2/14/2024 0:00:00,0,,,0514020207,Lower Highland Creek-Ohio River,453.7399902,0514020207,Lower Highland Creek-Ohio River,453.7399902
240,3381700,"OHIO RIVER AT OLD SHAWNEETOWN, IL-KY",37.692500000000003,-88.134720000000002,NAD83,309.100000000000023,1,10/1/2007 0:00:00,2/14/2024 0:00:00,1,1/31/2002 0:00:00,2/15/2024 0:00:00,0514020301,Goose Pond Ditch-Ohio River,167.8899994,0514020301,Goose Pond Ditch-Ohio River,167.8899994
241,3383000,"TRADEWATER RIVER AT OLNEY, KY",37.223934000000000,-87.780559999999994,NAD83,361.449999999999989,1,10/1/2007 0:00:00,2/14/2024 0:00:00,1,10/28/1987 0:00:00,2/15/2024 0:00:00,0514020503,Middle Tradewater River,806.5800171,0514020503,Middle Tradewater River,806.5800171
242,3384100,"TRADEWATER RIVER NEAR PROVIDENCE, KY",37.396712999999998,-87.845020000000005,NAD83,322.170000000000016,1,10/1/2008 0:00:00,2/14/2024 0:00:00,1,10/1/2008 0:00:00,2/15/2024 0:00:00,0514020503,Middle Tradewater River,806.5800171,0514020503,Middle Tradewater River,806.5800171
243,3384500,"OHIO RIVER AT DAM 51 AT GOLCONDA, IL",37.357830000000000,-88.482544000000004,NAD83,293.839999999999975,1,10/2/2014 0:00:00,2/14/2024 0:00:00,0,,,0514020307,Big Grand Pierre Creek-Ohio River,290.1300049,0514020307,Big Grand Pierre Creek-Ohio River,290.1300049
244,3399800,"OHIO RIVER AT SMITHLAND DAM, SMITHLAND, KY",37.159219999999998,-88.427260000000004,NAD83,289.089999999999975,1,10/1/2007 0:00:00,2/14/2024 0:00:00,1,12/16/2007 0:00:00,2/15/2024 0:00:00,0514020309,Barren Creek-Ohio River,332.1600037,0514020309,Barren Creek-Ohio River,332.1600037
245,3400500,"POOR FORK AT CUMBERLAND, KY",36.973979999999997,-82.992940000000004,NAD83,1409.720000000000027,1,6/30/2009 0:00:00,2/15/2024 0:00:00,1,6/30/2009 0:00:00,2/16/2024 0:00:00,0513010101,Poor Fork Cumberland River-Martins Fork Cumberland River,962.7299805,0513010101,Poor Fork Cumberland River-Martins Fork Cumberland River,962.7299805
246,3400785,"MARTINS FORK ABOVE SMITH, KY",36.726199999999999,-83.287959999999998,NAD83,1351.190000000000055,1,3/24/2015 0:00:00,2/15/2024 0:00:00,1,2/13/2015 0:00:00,2/16/2024 0:00:00,0513010101,Poor Fork Cumberland River-Martins Fork Cumberland River,962.7299805,0513010101,Poor Fork Cumberland River-Martins Fork Cumberland River,962.7299805
247,3400798,"MARTINS FORK LK AT MARTINS FK DAM NR SMITH, KY",36.749251999999998,-83.257679999999993,NAD83,1292.130000000000109,1,7/15/2017 0:00:00,2/15/2024 0:00:00,0,,,0513010101,Poor Fork Cumberland River-Martins Fork Cumberland River,962.7299805,0513010101,Poor Fork Cumberland River-Martins Fork Cumberland River,962.7299805
248,3400800,"MARTINS FORK NEAR SMITH, KY",36.752307999999999,-83.257400000000004,NAD83,1258.470000000000027,1,1/26/2015 0:00:00,2/15/2024 0:00:00,1,12/24/2014 0:00:00,2/16/2024 0:00:00,0513010101,Poor Fork Cumberland River-Martins Fork Cumberland River,962.7299805,0513010101,Poor Fork Cumberland River-Martins Fork Cumberland River,962.7299805
249,3400986,"MARTIN'S FORK NEAR HARLAN, KY",36.844532000000001,-83.323520000000002,NAD83,1099.269999999999982,1,9/9/2011 0:00:00,2/15/2024 0:00:00,1,10/23/2012 0:00:00,2/16/2024 0:00:00,0513010101,Poor Fork Cumberland River-Martins Fork Cumberland River,962.7299805,0513010101,Poor Fork Cumberland River-Martins Fork Cumberland River,962.7299805
250,3401000,"CUMBERLAND RIVER NEAR HARLAN, KY",36.846755999999999,-83.355735999999993,NAD83,1138.579999999999927,1,10/1/2007 0:00:00,2/15/2024 0:00:00,1,6/6/1986 0:00:00,2/16/2024 0:00:00,0513010102,Yellow Creek-Cumberland River,790.4199829,0513010102,Yellow Creek-Cumberland River,790.4199829
251,3401428,"BENNETTS FORK AT MIDDLESBORO, KY",36.601750000000003,-83.751589999999993,NAD83,0.000000000000000,0,,,1,10/1/1987 0:00:00,9/30/1989 0:00:00,0513010102,Yellow Creek-Cumberland River,790.4199829,0513010102,Yellow Creek-Cumberland River,790.4199829
252,3401450,"STONY FORK NEAR MOUTH AT MIDDLESBORO, KY",36.614249999999998,-83.753249999999994,NAD83,0.000000000000000,0,,,1,10/1/1987 0:00:00,8/22/1989 0:00:00,0513010102,Yellow Creek-Cumberland River,790.4199829,0513010102,Yellow Creek-Cumberland River,790.4199829
253,3402900,"CUMBERLAND R AT PINE ST BR AT PINEVILLE, KY",36.763140000000000,-83.691863999999995,NAD83,969.529999999999973,1,9/19/2013 0:00:00,2/15/2024 0:00:00,0,,,0513010103,Straight Creek-Cumberland River,964.8499756,0513010103,Straight Creek-Cumberland River,964.8499756
254,3403500,"CUMBERLAND RIVER AT BARBOURVILLE, KY",36.862310000000001,-83.887429999999995,NAD83,942.490000000000009,1,10/24/2012 0:00:00,2/15/2024 0:00:00,1,3/17/1984 0:00:00,9/30/2005 0:00:00,0513010103,Straight Creek-Cumberland River,964.8499756,0513010103,Straight Creek-Cumberland River,964.8499756
255,3403910,"CLEAR FORK AT SAXTON, KY",36.633972000000000,-84.111594999999994,NAD83,921.429999999999950,1,6/30/2010 0:00:00,2/15/2024 0:00:00,1,2/9/1975 0:00:00,2/16/2024 0:00:00,0513010106,Clear Fork,654.2399902,0513010106,Clear Fork,654.2399902
256,3404000,"CUMBERLAND RIVER AT WILLIAMSBURG, KY",36.743416000000003,-84.156043999999994,NAD83,891.019999999999982,1,10/1/2007 0:00:00,2/15/2024 0:00:00,1,3/15/1973 0:00:00,2/16/2024 0:00:00,0513010107,Jellico Creek-Cumberland River,611.9699707,0513010107,Jellico Creek-Cumberland River,611.9699707
257,3404500,"CUMBERLAND RIVER AT CUMBERLAND FALLS, KY",36.837302999999999,-84.343270000000004,NAD83,824.710000000000036,1,10/1/2010 0:00:00,2/15/2024 0:00:00,1,10/1/2010 0:00:00,2/16/2024 0:00:00,0513010109,Marsh Creek-Cumberland River,538.0900269,0513010109,Marsh Creek-Cumberland River,538.0900269
258,3404820,"LAUREL RIVER AT MUNICIPAL DAM NEAR CORBIN, KY",36.970363999999996,-84.119649999999993,NAD83,999.570000000000050,1,11/13/2013 0:00:00,2/15/2024 0:00:00,0,,,0513010108,Laurel River,749.3200073,0513010108,Laurel River,749.3200073
259,3404900,"LYNN CAMP CREEK AT CORBIN, KY",36.951476999999997,-84.093543999999994,NAD83,1048.480000000000018,1,6/30/2010 0:00:00,2/15/2024 0:00:00,1,7/2/1986 0:00:00,2/16/2024 0:00:00,0513010108,Laurel River,749.3200073,0513010108,Laurel River,749.3200073
260,3406500,"ROCKCASTLE RIVER AT BILLOWS, KY",37.171196000000002,-84.296040000000005,NAD83,802.679999999999950,1,10/1/2008 0:00:00,2/15/2024 0:00:00,1,10/1/1987 0:00:00,2/16/2024 0:00:00,0513010205,Sinking Creek-Rockcastle River,468.3699951,0513010205,Sinking Creek-Rockcastle River,468.3699951
261,3407500,"BUCK CREEK NEAR SHOPVILLE, KY",37.210636000000001,-84.464386000000005,NAD83,831.049999999999955,1,7/17/2012 0:00:00,2/15/2024 0:00:00,1,7/17/2012 0:00:00,2/16/2024 0:00:00,0513010301,Buck Creek,762.3599854,0513010301,Buck Creek,762.3599854
262,3410500,"SOUTH FORK CUMBERLAND RIVER NEAR STEARNS, KY",36.627020000000002,-84.533270000000002,NAD83,765.360000000000014,1,6/30/2009 0:00:00,2/15/2024 0:00:00,1,3/31/1984 0:00:00,12/9/2023 0:00:00,0513010405,Roaring Paunch Creek-Big South Fork Cumberland River,817.8099976,0513010405,Roaring Paunch Creek-Big South Fork Cumberland River,817.8099976
263,3410590,"ROCK CREEK NEAR YAMACRAW, KY",36.702778000000002,-84.563059999999993,NAD83,737.580000000000041,1,8/4/2015 0:00:00,9/29/2020 0:00:00,1,8/4/2015 0:00:00,9/29/2020 0:00:00,0513010405,Roaring Paunch Creek-Big South Fork Cumberland River,817.8099976,0513010405,Roaring Paunch Creek-Big South Fork Cumberland River,817.8099976
264,3410600,"SOUTH FORK CUMBERLAND RIVER NEAR YAMACRAW, KY",36.725630000000002,-84.543830000000000,NAD83,0.000000000000000,0,,,1,10/1/2002 0:00:00,9/30/2004 0:00:00,0513010407,Sinking Creek-Big South Fork Cumberland River,471.6300049,0513010407,Sinking Creek-Big South Fork Cumberland River,471.6300049
265,3413200,"BEAVER CREEK NEAR MONTICELLO, KY",36.797570000000000,-84.896060000000006,NAD83,805.120000000000005,1,10/1/2007 0:00:00,2/15/2024 0:00:00,1,10/2/1989 0:00:00,2/16/2024 0:00:00,0513010305,Beaver Creek,612.4400024,0513010305,Beaver Creek,612.4400024
266,3414000,"CUMBERLAND RIVER NEAR ROWENA, KY",36.883952999999998,-85.139403999999999,NAD83,540.080000000000041,1,12/8/2020 0:00:00,2/14/2024 0:00:00,0,,,0513010306,Crocus Creek-Cumberland River,836.0800171,0513010306,Crocus Creek-Cumberland River,836.0800171
267,3414078,"CROCUS CREEK NEAR AMANDAVILLE, KY",36.887028000000001,-85.330284000000006,NAD83,547.980000000000018,1,4/20/2018 0:00:00,2/14/2024 0:00:00,1,4/20/2018 0:00:00,2/15/2024 0:00:00,0513010306,Crocus Creek-Cumberland River,836.0800171,0513010306,Crocus Creek-Cumberland River,836.0800171
268,3414100,"CUMBERLAND RIVER AT BURKESVILLE, KY",36.786727999999997,-85.365240000000000,NAD83,499.610000000000014,1,11/8/2013 0:00:00,2/14/2024 0:00:00,1,6/25/2014 0:00:00,2/15/2024 0:00:00,0513010307,Marrowbone Creek-Cumberland River,979.5900269,0513010307,Marrowbone Creek-Cumberland River,979.5900269
269,3414170,"MARROWBONE CK AT MUD CAMP RD AT WATERVIEW, KY",36.815140000000000,-85.458830000000006,NAD83,546.909999999999968,1,12/28/2021 0:00:00,2/14/2024 0:00:00,0,,,0513010307,Marrowbone Creek-Cumberland River,979.5900269,0513010307,Marrowbone Creek-Cumberland River,979.5900269
270,3435105,"RED RIVER AT DOT, KY",36.676659999999998,-86.952089999999998,NAD83,457.670000000000016,1,9/16/2016 0:00:00,2/14/2024 0:00:00,1,9/16/2016 0:00:00,2/15/2024 0:00:00,0513020602,South Fork Red River-Red River,699.5100098,0513020602,South Fork Red River-Red River,699.5100098
271,3437370,"N FK LITTLE R AT WATER PLANT AT HOPKINSVILLE, KY",36.876156000000002,-87.471953999999997,NAD83,510.000000000000000,1,11/14/2014 0:00:00,2/14/2024 0:00:00,0,,,0513020505,Upper Little River,696.4799805,0513020505,Upper Little River,696.4799805
272,3437480,"S FK LITTLE RIVER AT HWY 68/80 NR HOPKINSVILLE, KY",36.849766000000002,-87.352230000000006,NAD83,550.639999999999986,1,10/1/2009 0:00:00,2/14/2024 0:00:00,1,10/1/2009 0:00:00,2/15/2024 0:00:00,0513020505,Upper Little River,696.4799805,0513020505,Upper Little River,696.4799805
273,3437495,"S FK LITTLE R AT HWY 68 BY-PASS AT HOPKINSVILLE,KY",36.849490000000003,-87.428894000000000,NAD83,520.000000000000000,1,10/1/2009 0:00:00,2/14/2024 0:00:00,1,10/1/2009 0:00:00,2/15/2024 0:00:00,0513020505,Upper Little River,696.4799805,0513020505,Upper Little River,696.4799805
274,3437500,"SOUTH FORK LITTLE RIVER AT HOPKINSVILLE, KY",36.839489999999998,-87.481399999999994,NAD83,499.500000000000000,1,10/1/2012 0:00:00,2/14/2024 0:00:00,0,,,0513020505,Upper Little River,696.4799805,0513020505,Upper Little River,696.4799805
275,3610000,"CLARKS RIVER AT MURRAY, KY",36.592834000000003,-88.300039999999996,NAD83,459.730000000000018,1,9/15/2011 0:00:00,2/14/2024 0:00:00,1,9/15/2011 0:00:00,2/15/2024 0:00:00,0604000601,Upper Clarks River,438.6799927,0604000601,Upper Clarks River,438.6799927
276,3610200,"CLARKS RIVER AT ALMO, KY",36.691723000000003,-88.273640000000000,NAD83,413.350000000000023,1,10/1/2007 0:00:00,2/14/2024 0:00:00,1,10/1/1987 0:00:00,2/15/2024 0:00:00,0604000601,Upper Clarks River,438.6799927,0604000601,Upper Clarks River,438.6799927
277,3610545,"WEST FORK CLARKS RIVER NEAR BREWERS, KY",36.780056000000002,-88.467545000000001,NAD83,370.050000000000011,0,,,1,12/12/1988 0:00:00,10/1/1994 0:00:00,0604000602,Upper West Fork Clarks River,309.1900024,0604000602,Upper West Fork Clarks River,309.1900024
278,3611000,"OHIO RIVER AT PADUCAH, KY",37.089500000000001,-88.594489999999993,NAD83,285.459999999999980,1,8/18/2014 0:00:00,2/14/2024 0:00:00,0,,,0514020601,Mud Creek-Ohio River,260.4100037,0514020601,Mud Creek-Ohio River,260.4100037
279,3611260,"MASSAC CREEK NEAR PADUCAH, KY",37.041443000000001,-88.710883999999993,NAD83,344.779999999999973,1,10/1/2007 0:00:00,2/14/2024 0:00:00,1,10/1/1987 0:00:00,2/15/2024 0:00:00,0514020603,Massac Creek,197.0599976,0514020603,Massac Creek,197.0599976
280,3611500,"OHIO RIVER AT METROPOLIS, IL",37.147551999999997,-88.740889999999993,NAD83,276.180000000000007,0,,,1,9/30/2007 0:00:00,6/19/2010 0:00:00,0514020607,Redstone Creek-Ohio River,514.2000122,0514020607,Redstone Creek-Ohio River,514.2000122
281,3611800,"BAYOU CREEK NEAR HEATH, KY",37.089775000000003,-88.829780000000000,NAD83,0.000000000000000,0,,,1,10/1/1990 0:00:00,9/30/2010 0:00:00,0514020607,Redstone Creek-Ohio River,514.2000122,0514020607,Redstone Creek-Ohio River,514.2000122
282,3611850,"BAYOU CREEK NEAR GRAHAMVILLE, KY",37.144775000000003,-88.827280000000002,NAD83,0.000000000000000,0,,,1,10/17/1990 0:00:00,10/7/2010 0:00:00,0514020607,Redstone Creek-Ohio River,514.2000122,0514020607,Redstone Creek-Ohio River,514.2000122
283,3611900,"LITTLE BAYOU CREEK NEAR GRAHAMVILLE, KY",37.139499999999998,-88.790610000000001,NAD83,0.000000000000000,0,,,1,10/1/1993 0:00:00,10/7/2010 0:00:00,0514020607,Redstone Creek-Ohio River,514.2000122,0514020607,Redstone Creek-Ohio River,514.2000122
284,3612600,"OHIO RIVER AT OLMSTED, IL",37.179220000000001,-89.058400000000006,NAD83,278.129999999999995,1,3/2/2013 0:00:00,2/14/2024 0:00:00,1,3/2/2013 0:00:00,2/15/2024 0:00:00,0514020607,Redstone Creek-Ohio River,514.2000122,0514020607,Redstone Creek-Ohio River,514.2000122
285,3613000,"HUMPHREY CR AT LACENTER, KY",37.077553000000002,-88.955894000000001,NAD83,327.430000000000007,1,9/3/2013 0:00:00,10/2/2023 0:00:00,1,9/3/2013 0:00:00,10/2/2023 0:00:00,0514020606,Humphrey Creek,272.8299866,0514020606,Humphrey Creek,272.8299866
286,7023000,"MAYFIELD CREEK AT LOVELACEVILLE, KY",36.952556999999999,-88.825059999999993,NAD83,326.220000000000027,1,8/24/2023 0:00:00,2/14/2024 0:00:00,0,,,0801020102,Middle Mayfield Creek,408.0899963,0801020102,Middle Mayfield Creek,408.0899963
287,7023700,"OBION CREEK NEAR ARLINGTON, KY",36.758392000000001,-89.003680000000003,NAD83,0.000000000000000,1,8/25/2023 0:00:00,2/14/2024 0:00:00,0,,,0801020105,Obion Creek,830.2700195,0801020105,Obion Creek,830.2700195
288,7024000,"BAYOU DE CHIEN NEAR CLINTON, KY",36.628670000000000,-88.963949999999997,NAD83,307.389999999999986,1,10/1/2007 0:00:00,2/14/2024 0:00:00,1,10/1/1987 0:00:00,2/15/2024 0:00:00,0801020104,Bayou De Chien,555.7399902,0801020104,Bayou De Chien,555.7399902
289,0,"ELKHORN CREEK AT BARNHILL RD NR DUNHAM, KY",37.195717000000002,-82.642876000000001,NAD83,0.000000000000000,1,2/8/2024 0:00:00,2/15/2024 0:00:00,0,,,0507020207,Russell Fork-Levisa Fork,449.7999878,0507020207,Russell Fork-Levisa Fork,449.7999878
