huc10,areasqkm,majority,range,mean,std,min,percentile_10,percentile_25,median,percentile_75,percentile_90,max
507020303,580.98,-1,360.9999695,183.1313518,103.2021305,-1,39.71244583,94.17948914,183.8112793,274.8535767,321.650531,359.9999695
509010110,466.16,-1,360.9999695,176.3543594,101.992778,-1,36.25187759,88.02493286,176.8419342,261.7377014,318.0416382,359.9999695
510010111,834.17,-1,361,182.9849585,101.6401007,-1,41.06922112,95.71216202,184.851059,270.4318161,321.1236694,360
510010113,485.27,-1,361,178.5924933,102.078922,-1,37.54635239,91.38263893,178.8766632,265.7891846,319.2127045,360
509020302,293.77,-1,360.9994812,173.4369228,109.159772,-1,17.13549271,77.02523041,177.5245667,267.8579712,322.6328857,359.9994812
601020604,1018.64,-1,361,178.6200355,103.8378409,-1,30.82022247,93.70504189,178.2271576,266.1296082,323.4496368,360
601020603,683.12,-1,360.999939,187.5212336,101.1621693,-1,42.7697731,109.7844467,183.1889038,276.3404236,327.8979126,359.999939
601020601,397.42,-1,361,185.9270646,101.9282198,-1,43.81261635,102.1021481,183.5767517,276.2600555,325.2894287,360
510020507,895.65,-1,361,184.7489291,103.0466196,-1,38.0345993,95.86658859,189.2344971,272.511795,323.0829926,360
511000304,329.4,-1,360.9999084,177.0597841,104.9747153,-1,32.63810272,86.01124763,175.9247437,267.7245636,323.7993713,359.9999084
511000602,565.63,-1,361,180.872867,107.1584904,-1,33.55444298,85.79761887,179.8331299,277.7561111,327.1388855,360
507020103,973.4,-1,361,183.1433741,103.8170407,-1,38.19346085,93.75683212,183.696701,274.723877,324.3306335,360
509020308,572.18,-1,360.9998779,176.2986704,104.9022679,-1,27.40384731,87.92447281,178.3164368,265.8036652,319.9050934,359.9998779
511000106,682.05,-1,360.9999695,182.791325,102.1301116,-1,39.00922394,94.86221313,184.9893646,270.010376,321.3598938,359.9999695
511000402,380.07,-1,360.9999695,186.439714,101.9363909,-1,39.34396744,102.9854584,190.0567017,274.0019836,323.1738892,359.9999695
510020107,610.08,-1,360.9999695,181.9387425,99.5242084,-1,46.34109116,96.99012756,180.6778564,269.0663757,315.8795776,359.9999695
604000605,391.68,-1,360.9999695,157.1517742,114.6707048,-1,-1,50.8939209,154.5410156,257.6847992,320.5549988,359.9999695
511000601,214.38,-1,360.9999084,175.6995081,107.0010753,-1,32.77821388,82.21821213,167.5849915,273.1451111,327.1037445,359.9999084
509020101,655.48,-1,360.9999695,177.3827491,102.4969439,-1,35.33083115,89.05548859,177.9500427,262.6336365,321.7460754,359.9999695
511000401,555.11,-1,360.999939,186.0464785,101.059014,-1,42.24468307,103.5798874,187.1969147,273.1244812,323.3034668,359.999939
511000101,1015.14,-1,360.9999695,182.7673263,101.9311608,-1,38.21290207,97.23522377,184.2242432,269.570343,320.62341,359.9999695
507020305,551.91,-1,360.9998779,179.5323381,102.6422015,-1,38.44884567,91.20962143,178.2236481,268.9708252,321.2657532,359.9998779
507020301,621.96,-1,360.9999695,182.1674183,103.2369138,-1,39.30294418,92.27805328,183.3555908,273.02771,322.7892334,359.9999695
507020304,437.26,-1,360.9999695,178.961115,101.7469309,-1,40.8606163,92.73267746,175.0150909,268.8767395,319.0783813,359.9999695
507020401,269.16,-1,360.9996643,180.5462341,100.4810098,-1,42.37630463,95.49299049,179.1139221,267.655777,318.1450562,359.9996643
507020403,248.25,-1,360.9998169,174.4822235,103.1752983,-1,33.49177856,84.03023911,174.7617798,261.0493622,318.3855652,359.9998169
507020202,418.12,-1,360.9999695,185.4848842,102.8332379,-1,40.82101517,98.65829086,186.2751007,276.8054199,323.8496704,359.9999695
507020404,377.31,-1,360.9997864,178.1696946,102.620454,-1,37.62768745,90.27355957,176.0220032,267.5008087,320.6363403,359.9997864
510010112,750.72,-1,360.9999695,181.2485271,102.480474,-1,38.60706711,92.10079193,183.9133911,268.6641235,321.7190857,359.9999695
510010109,249.93,-1,360.9998474,180.7843973,98.5813441,-1,43.11521988,97.63765144,182.3388672,262.3233566,315.6075439,359.9998474
510010204,635.97,-1,360.9999695,178.6504014,101.5536934,-1,38.42924423,90.41668129,180.1316681,263.8843155,319.7700775,359.9999695
510010205,357.4,-1,360.999939,179.0192884,101.9758554,-1,38.8096611,89.42558289,181.0263062,266.3020325,318.5856689,359.999939
510020101,485.15,-1,360.999939,187.8229232,103.1557565,-1,43.24265213,99.16411591,190.0526733,280.2350159,324.0653015,359.999939
510020102,221.32,-1,360.9996033,183.8834051,103.6113536,-1,38.55195389,94.95814514,185.4206543,276.322998,322.3999695,359.9996033
510020103,669.55,-1,360.999939,184.651968,104.3888034,-1,38.70391464,95.04585648,184.2385254,278.0640106,326.1508026,359.999939
510020104,279.01,-1,360.9998779,181.7365006,103.5998042,-1,37.86513138,93.08140564,180.3279877,273.2711334,323.5523376,359.9998779
510020105,637.32,-1,360.9999695,184.7872271,103.1661763,-1,41.51628113,95.47478485,185.7256622,276.3598938,323.7190552,359.9999695
510020401,355.5,-1,360.9999695,180.8627849,98.9290701,-1,45.44988785,98.76717377,178.5976105,266.0638733,316.6472473,359.9999695
510020402,769.32,-1,360.999939,182.1231434,100.8755641,-1,43.14161835,95.64374542,182.7939453,269.5271912,318.7061157,359.999939
510020305,185.1,-1,360.9993591,179.008114,100.0864956,-1,42.18325119,92.69630432,178.7447662,265.5796204,315.0181274,359.9993591
510020306,328.97,-1,361,182.0770288,100.7533829,-1,43.29964638,96.54079628,181.2402039,270.0813293,318.5996399,360
507020205,582.56,-1,360.9998169,177.9306116,102.1112662,-1,37.61319809,91.08603668,173.2470093,266.3152771,319.8862793,359.9998169
507020105,515.03,-1,360.999939,181.3550954,103.4523139,-1,38.80111465,90.72540283,182.6153107,272.1104431,322.6886078,359.999939
507020402,168.27,-1,360.9994507,178.1635968,102.4722767,-1,37.0933033,90.84323311,176.2142944,266.8905258,319.3309998,359.9994507
510020201,238.68,-1,361,185.1819064,103.8751526,-1,39.57988701,96.4970932,185.6177368,278.7121811,324.3667755,360
510020504,515.83,-1,360.9999695,178.8730575,101.2787369,-1,39.48673096,93.21204376,178.0016785,266.6793823,318.3043152,359.9999695
514020601,260.41,-1,360.999939,161.4478959,113.9499836,-1,-1,49.35821533,170.6221924,257.114563,320.0244507,359.999939
514020602,182,-1,360.9999084,180.6554392,96.29424895,-1,43.2144146,105.1126633,185.0449829,258.0556183,309.1295929,359.9999084
514010109,547.81,-1,361,170.1404262,110.3844097,-1,1.291572142,78.5970993,174.5151062,269.4688416,316.3496033,360
514010410,448.76,-1,360.9997864,169.9217573,109.7390342,-1,16.24475288,70.7299881,173.0788727,264.6761322,320.7485107,359.9997864
514010414,345.48,-1,360.9998779,173.5403882,109.5554604,-1,14.74237728,77.16833687,178.2805176,268.62883,320.6528137,359.9998779
514020107,295.35,-1,360.9994202,170.1828897,109.406429,-1,7.472824144,75.04029465,173.1790314,262.7833481,319.7547394,359.9994202
514020108,239.73,-1,360.9995422,179.0498353,105.8469237,-1,25.07209587,93.53946877,179.8327789,272.0596771,321.0057678,359.9995422
514020504,269.12,-1,360.999939,179.9428331,100.9064831,-1,38.23319244,92.47013283,184.6183777,263.8094482,316.9438782,359.999939
514010401,553.82,-1,360.999939,181.5061304,105.776695,-1,31.35102501,90.19113922,185.0648804,273.2162781,324.9690308,359.999939
514020112,274.13,-1,360.9997253,163.0936028,115.0538662,-1,-1,47.87063217,172.6035156,258.7433624,322.3242981,359.9997253
514020106,293.81,-1,360.9999695,187.1685034,100.9000706,-1,42.599617,104.241188,190.4542847,273.8950195,322.4243042,359.9999695
514020206,420.57,-1,361,167.3464099,111.3044612,-1,0.24456929,69.38732147,171.4368439,260.2306366,324.0629517,360
514010103,431.72,-1,360.999939,174.7423384,107.0618544,-1,18.95449219,82.24536133,180.2265778,265.0406189,319.1403503,359.999939
514020607,514.2,-1,360.9999695,154.9649692,112.0503279,-1,-1,51.84186363,152.2528076,252.3160324,310.9289612,359.9999695
514010301,709.77,-1,361,183.784599,98.53267601,-1,46.23637962,102.7057934,184.6876526,267.3648834,317.2427979,360
514010302,416.81,-1,360.9998169,184.3025803,99.88023882,-1,43.21912079,102.9611397,183.7320709,270.3575592,319.233606,359.9998169
514010105,278.68,-1,361,190.1281721,101.647663,-1,38.07192879,106.8506489,200.783844,272.9225693,322.6660126,360
514010106,439.65,-1,360.9999695,178.2245391,107.8315463,-1,13.26911221,89.48747253,185.7103729,270.2071533,319.6113281,359.9999695
514010205,324.36,-1,360.999939,183.6502121,98.91289877,-1,41.25084572,102.4809914,189.0134888,263.7259521,317.7089417,359.999939
514010211,226.2,-1,360.999939,174.3880449,108.9665073,-1,17.42812004,78.34264183,180.5591888,268.3607025,321.0288544,359.999939
514010212,327.19,-1,361,176.407104,110.2354619,-1,10.11853065,83.42741394,181.3381042,271.3553162,321.0971954,360
514010213,222.95,-1,360.9998474,183.4666556,104.3050477,-1,36.14428558,94.09277344,185.1746521,274.1979675,325.6126282,359.9998474
514020301,167.89,-1,360.9999084,170.1828354,100.7172347,-1,28.76670113,90.58869934,166.0088959,257.0777588,307.2363403,359.9999084
514010303,822.37,-1,360.999939,187.0559791,99.08220994,-1,44.73344803,105.4064026,192.6293335,270.0097656,318.8979919,359.999939
514010306,388.32,-1,360.9998779,177.650276,102.7128907,-1,34.28142548,90.07414055,179.5085907,264.4550247,318.7588348,359.9998779
514020102,420.31,-1,360.999939,175.2447141,107.523158,-1,22.14357548,83.54158592,176.8879395,269.0002975,321.8689758,359.999939
514020204,470.31,-1,361,175.2521415,108.2261979,-1,21.41785507,80.44765472,178.6569061,269.2355347,322.2755981,360
514020302,195.28,-1,360.9994812,181.7693967,101.2451801,-1,36.22611694,97.08805847,186.5836792,264.3193359,321.0121643,359.9994812
514020304,171.82,-1,360.9998779,186.455266,103.8991879,-1,39.73685455,97.20653534,189.7569733,278.6990967,325.2620544,359.9998779
514020505,406.49,-1,360.9996643,173.8856126,103.1055424,-1,33.94602585,84.66838074,170.9439087,260.6165619,320.8206177,359.9996643
514020205,387.02,-1,360.9998779,179.9679874,103.5517366,-1,35.41582336,89.8208046,183.1831818,268.1031342,321.8809204,359.9998779
514020502,515.98,-1,361,175.9594895,106.5721802,-1,26.63519249,82.5034256,178.8395538,267.198288,322.2554443,360
514010101,345.11,-1,360.9999695,183.3813951,101.2727951,-1,41.43248367,98.81733704,183.896347,270.7001495,321.2072296,359.9999695
514020207,453.74,-1,360.9999695,179.7494362,106.3359525,-1,29.38558197,93.4209404,175.7513275,276.9757843,323.2803833,359.9999695
514020501,443.71,-1,360.9999695,178.7654809,105.4443093,-1,33.86086388,87.38516998,177.232605,271.5474167,324.6791138,359.9999695
514020503,806.58,-1,360.999939,172.8181501,106.0039751,-1,31.36150913,81.19393539,164.623764,266.9055939,324.5058899,359.999939
514020603,197.06,-1,360.9999695,167.6749237,111.1840353,-1,19.13689327,70.16750336,159.8683472,269.4303513,325.2779755,359.9999695
514020606,272.83,-1,361,178.8150674,109.4935352,-1,23.94803314,84.01280975,181.7570648,274.6016083,322.9940247,360
514010201,421.18,-1,360.999939,183.6716246,100.8510813,-1,41.2797966,97.7256031,186.5470581,269.0692444,320.5200195,359.999939
514010304,619.24,-1,360.9999695,183.8755578,102.4173614,-1,39.87535477,94.93494225,187.5331726,271.3338165,321.4270172,359.9999695
514010305,797.71,-1,360.9999084,183.3078205,103.0210327,-1,38.63176422,94.5813446,185.426239,272.1111298,322.5803162,359.9999084
514020303,509.04,-1,360.999939,173.0688151,108.8016399,-1,21.0718708,80.4529953,169.2010193,269.3054504,326.0013733,359.999939
514020407,506.28,-1,360.9999695,178.9658986,105.6507714,-1,34.24598579,88.47159195,174.1861572,274.3500214,325.1695587,359.9999695
514020305,229.75,-1,360.9998779,183.3343161,104.3658569,-1,31.87117157,97.89682388,187.4502258,273.4593658,323.2634216,359.9998779
514020307,290.13,-1,360.9999084,185.3009181,105.7692148,-1,31.14308891,99.4446125,188.8168945,280.4476624,323.0101654,359.9999084
514020309,332.16,-1,360.999939,174.1308847,104.9857688,-1,25.60449791,85.65528297,172.7776794,264.7742004,316.4190643,359.999939
514010202,168.24,-1,360.9999084,184.4001368,98.63708151,-1,44.64380264,103.6715355,187.3749847,267.4804382,316.4715881,359.9999084
514010203,341.96,-1,360.9999084,180.1903427,104.147743,-1,29.83079224,94.65364075,182.6250153,269.3279419,320.6544128,359.9999084
514010204,354.6,-1,360.9999695,182.7120679,97.26247318,-1,44.85314178,103.3289413,186.4264221,261.1451721,315.6309631,359.9999695
514010206,149,-1,360.9995117,185.7154574,101.9467317,-1,39.00128479,102.3911362,188.2635498,272.1239624,324.4112732,359.9995117
514010207,263.62,-1,360.9998169,185.5284942,102.0100606,-1,39.686903,100.0842323,188.8719177,273.3587646,322.4472809,359.9998169
514010208,445.12,-1,360.9999695,185.1208717,97.6742563,-1,45.43613625,106.1510448,188.5016174,265.5873108,316.8988647,359.9999695
514010209,270.66,-1,360.9998474,186.8926747,97.95178013,-1,46.25122032,108.118269,190.7227173,268.2810516,318.5951843,359.9998474
514010210,290.4,-1,360.999939,189.135111,99.60488697,-1,44.47938385,109.1019974,193.8781433,271.2345581,321.6730347,359.999939
510010101,605.15,-1,360.9999084,183.5997178,102.3788139,-1,41.66450691,97.11714172,182.4017181,274.3867035,322.8640289,359.9999084
510010103,259.93,-1,360.9994812,180.9108505,99.24009558,-1,44.85864296,95.40519142,182.2561035,266.4714584,314.2477386,359.9994812
601020602,352.76,-1,360.9995728,189.1647422,102.3381084,-1,44.20508804,107.6967182,186.2382202,281.2187347,329.1319885,359.9995728
513010306,836.08,-1,360.9999695,172.5515947,106.2491477,-1,21.31859131,82.51264954,173.9644623,264.2292786,317.1638916,359.9999695
513010303,469.2,-1,361,174.7831086,100.2200181,-1,36.08861732,92.6166935,173.7512207,257.5046692,315.1246033,360
513010305,612.44,-1,360.9999695,177.4627151,108.2350921,-1,25.17096977,86.96232796,174.4395905,275.0639191,326.1799011,359.9999695
513010307,979.59,-1,360.999939,181.2027342,99.37443379,-1,43.39305115,97.929039,181.7628784,265.5987244,316.3604309,359.999939
513010103,964.85,-1,360.9999695,185.5760764,102.3678283,-1,41.97300873,99.01093292,186.0865936,275.3395691,323.9733521,359.9999695
513010104,462.85,-1,360.9998779,184.6894224,101.4644974,-1,42.21134415,99.11826324,186.0554199,272.4251251,321.508313,359.9998779
513010107,611.97,-1,360.9999695,182.7208412,102.5120999,-1,39.18747139,95.08552742,183.985321,270.9763794,322.9546509,359.9999695
513010108,749.32,-1,360.9999695,177.6046052,101.4703625,-1,35.01807251,91.93705368,180.390564,263.879631,313.587561,359.9999695
513010109,538.09,-1,360.999939,183.3786561,102.6948101,-1,41.51464615,95.4961853,183.5613403,273.7879333,321.5297485,359.999939
513010202,364.54,-1,360.999939,184.5058326,97.98694966,-1,48.53744507,103.8593616,184.4476318,268.4888611,316.6552277,359.999939
513010405,817.81,-1,361,182.8024439,102.5566126,-1,40.10936737,96.48758698,181.1569824,273.1647339,322.8468018,360
513010205,468.37,-1,361,182.7828194,101.0585333,-1,41.93198509,97.24414635,183.8849792,269.5621262,320.1341583,360
513010301,762.36,-1,361,177.7708705,99.60871494,-1,40.3885704,94.74363708,177.9646912,260.4606018,317.2907806,360
513010302,494.99,-1,360.9998779,177.3627055,103.2062269,-1,32.35369072,91.1716671,178.1076965,265.1271744,320.1738159,359.9998779
513010406,305.49,-1,360.9998474,177.9576415,103.7550368,-1,36.58669281,88.61709595,174.2327728,270.2854614,321.7515747,359.9998474
513010407,471.63,-1,361,178.9408361,105.4204364,-1,30.84196148,90.97386169,176.3187866,270.7497559,326.5017487,360
513020603,303.01,-1,360.9998779,176.7326764,102.0322874,-1,36.56075592,89.48242378,175.3435669,261.8243027,321.4069305,359.9998779
513020606,697.67,-1,360.9999084,181.4064199,101.6800836,-1,37.39439163,96.23484802,183.7480469,266.1321716,322.2253174,359.9999084
513010106,654.24,-1,360.999939,185.1582818,102.8445277,-1,40.47068405,99.43274307,184.2113037,275.9731445,325.3965149,359.999939
513020505,696.48,-1,360.9999084,180.0487862,104.9603108,-1,33.20211754,88.2406044,182.245697,270.286438,324.8025726,359.9999084
513020506,860.21,-1,360.999939,179.0175953,103.8444601,-1,32.32143021,90.56409836,181.6191559,266.23703,322.5630493,359.999939
513020508,787.79,-1,360.9999695,181.7264359,103.3502619,-1,36.29721451,95.26114273,182.2167664,271.8036804,322.5871582,359.9999695
513010201,223.76,-1,360.9998474,182.9986818,99.25275294,-1,44.72985077,100.2957611,182.7078247,267.8063126,317.6955994,359.9998474
513010203,372.92,-1,360.9999695,181.8339856,99.81093295,-1,43.05830879,99.2563324,181.4768066,267.7226715,318.0948883,359.9999695
513010204,547.92,-1,361,181.0983048,100.0305254,-1,43.50306168,95.95022583,181.1288147,266.8497314,317.1345154,360
513010503,335.57,-1,361,168.7397528,110.1897959,-1,10.60262184,72.13853836,169.1802979,265.4346313,320.0793884,360
513010504,751.49,-1,360.9997559,180.8267255,104.0039917,-1,33.82429924,91.6711483,184.5149536,270.0281982,320.5811768,359.9997559
513010505,295.75,-1,360.9997559,154.9357098,113.9966237,-1,-1,48.21698189,151.9006653,255.6332054,313.3536682,359.9997559
513020504,1195.58,-1,361,172.9976397,107.5336781,-1,24.13092804,79.51453972,171.1615753,266.8397217,322.9219666,360
513020604,467.35,-1,360.9999695,175.7661555,105.9793826,-1,31.27224159,83.84951019,170.9554291,268.4379807,327.4581909,359.9999695
513020607,726.04,-1,360.9999695,180.4480967,104.3619868,-1,33.6062645,89.6079216,183.6040039,269.2489777,324.4016815,359.9999695
513020602,699.51,-1,360.9999084,186.1598544,103.7416591,-1,36.16192703,97.51753616,192.6645203,274.8811951,325.2254913,359.9999084
511000105,350.92,-1,360.9997559,188.4831605,97.8309524,-1,47.88568268,110.0494404,192.7778625,269.623024,318.8795074,359.9997559
510020509,579.26,-1,360.9999695,187.193453,104.7382445,-1,36.51333237,96.46730423,193.3487701,278.6064911,326.3960693,359.9999695
510020506,259.11,-1,360.9997864,180.9556911,99.22991212,-1,40.57867203,99.18166351,183.4252625,262.7618408,316.8090332,359.9997864
510020508,714.57,-1,360.9999695,185.724566,101.0281188,-1,42.55378532,100.6873474,189.5227356,272.5695724,320.9737396,359.9999695
510020510,277.18,-1,361,181.3098657,100.5870103,-1,40.10331192,97.84978485,181.0844879,266.110733,320.5921631,360
511000102,313.32,-1,361,176.0723997,102.4990688,-1,30.52955532,91.28146553,178.9754639,263.4684906,314.0416443,360
511000103,439.54,-1,361,176.3268408,105.4070764,-1,25.02836342,88.40759087,179.5394897,268.1408615,317.3177734,360
511000104,749.35,-1,361,184.3518346,100.9855586,-1,40.71327209,99.19331741,187.3556671,269.6480865,320.8582153,360
511000107,598.93,-1,360.999939,184.4515303,101.2743801,-1,39.60852966,99.44204712,188.6070251,269.7935486,320.1405701,359.999939
511000405,664.76,-1,360.9999695,185.6965667,99.82814362,-1,41.69909668,104.2031097,190.7804565,268.226532,320.7166016,359.9999695
509010306,414.37,-1,360.9998779,176.3888488,101.4549761,-1,35.07749329,92.61732483,175.6598053,260.3850555,318.0762329,359.9998779
509020108,314.61,-1,360.9999695,179.3804207,101.4588445,-1,33.87111549,93.80351448,187.3130493,262.0262985,315.6501099,359.9999695
507020106,726.34,-1,361,182.461588,102.4476357,-1,40.21893539,94.5343399,182.4431763,271.9634399,322.2642395,360
507020302,691.97,-1,361,181.7408277,102.6035698,-1,41.15322113,93.50251007,180.1133423,272.9541321,321.6199341,360
507020206,298.35,-1,360.9998474,179.9241308,103.9324913,-1,36.90289307,89.45262909,179.0162354,270.969574,322.354187,359.9998474
511000505,412.52,-1,360.9999695,182.4481358,104.5775124,-1,33.22315178,93.95523643,183.975647,272.4254227,325.7585938,359.9999695
514010413,620.43,-1,360.9999084,188.145224,103.0015801,-1,38.97621765,101.6716194,194.0911255,277.0855713,325.347998,359.9999084
513010304,720.2,-1,361,166.8247918,110.0845708,-1,2.826800632,71.65518188,168.4634705,262.7148285,317.5684753,360
801010002,214.28,-1,360.9999695,143.3579001,118.5535118,-1,-1,-1,137.7843933,254.7670746,304.280249,359.9999695
513020601,313.53,-1,360.9997864,187.5633858,106.7503952,-1,32.75807076,92.69037247,196.3638916,281.0228424,328.4075348,359.9997864
513020507,952.63,-1,361,160.3010937,114.0706256,-1,-1,54.89290905,159.7178955,260.1738205,320.2287933,360
509020310,683.89,-1,361,177.2889331,104.8187477,-1,28.18702126,89.30119324,178.8228455,266.1882935,321.1744202,360
509010401,302.6,-1,360.9999084,181.4338001,100.8205807,-1,43.14279861,95.87672424,179.3457794,269.1633606,319.6297241,359.9999084
510020512,252.33,-1,360.999939,176.444862,102.7735957,-1,36.05083084,88.36673355,173.3894806,263.7944183,322.0112305,359.999939
510020502,325.62,-1,360.9999695,184.3706118,100.4612414,-1,43.74430389,99.99012756,184.4391022,270.5985107,319.8124756,359.9999695
510020503,862.82,-1,360.9999695,180.9928634,100.4015148,-1,41.77669907,96.67856598,180.4143219,265.9356079,319.8173218,359.9999695
714010508,352.21,-1,360.999939,156.7093444,107.5969499,-1,7.353242779,60.50949764,152.8763123,245.2547073,308.5038971,359.999939
510020513,940.07,-1,360.9999695,183.9580474,101.2211096,-1,41.41182404,98.63961792,186.4676208,270.6416931,321.2514648,359.9999695
510020514,404.67,-1,360.9999695,185.7789924,101.5437214,-1,40.63839226,101.3810482,188.5040588,272.6196365,322.6364655,359.9999695
510010107,595.01,-1,361,175.171846,100.7462501,-1,38.16541862,90.82435608,172.6147766,258.9185867,318.5563354,360
510010108,863.61,-1,360.9999695,178.0109733,101.910146,-1,36.05343628,91.80046844,178.7882996,263.9476929,319.526062,359.9999695
604000603,266.95,-1,360.9998779,170.3322308,108.9623422,-1,23.07185822,74.62699127,165.7102661,267.5684509,323.6988708,359.9998779
604000604,400.93,-1,360.9999695,166.6150528,111.0807456,-1,8.299965191,67.83380127,168.4363403,265.1830444,319.7721039,359.9999695
604000602,309.19,-1,361,177.7179151,106.8755412,-1,30.77727032,85.01731491,179.1027527,271.0287094,323.7067871,360
604000508,334.66,-1,360.9999695,167.6104163,107.7746669,-1,18.3245945,74.889431,165.2572327,260.3183899,319.9043884,359.9999695
604000510,531.36,-1,361,142.1432144,118.6252231,-1,-1,15.280725,134.1648254,247.5549202,314.1733704,360
604000601,438.68,-1,361,167.3698596,110.734771,-1,16.47862949,72.11114693,160.6874695,269.0591583,322.859436,360
604000509,769.65,-1,360.9999084,151.1670609,116.482912,-1,-1,35.51150322,148.9677277,254.2513809,314.9614685,359.9999084
801020204,840.04,-1,361,174.6914774,106.1461152,-1,20.60893822,87.64774323,175.9516144,267.0232849,318.2359009,360
801020103,367.64,-1,360.9998474,177.0428134,107.3670679,-1,29.5101757,82.52170563,177.6940613,272.8572998,323.2919312,359.9998474
801020101,352.3,-1,360.9997864,176.4606488,107.3691254,-1,32.02661896,80.93005371,172.6235352,273.4542542,325.3062256,359.9997864
801020102,408.09,-1,361,174.067029,110.2259909,-1,23.29511433,75.5719738,174.5303497,272.9920959,324.5784698,360
509020106,531.2,-1,360.9999695,171.6891863,106.4417578,-1,22.54944191,79.32272339,172.7889404,261.730072,319.7986877,359.9999695
801010003,277.59,-1,360.9998779,150.8621412,118.4376553,-1,-1,27.20251656,151.9353943,254.2965088,312.4432251,359.9998779
509010301,560.13,-1,360.999939,171.4769416,105.01979,-1,26.70754967,78.95118332,173.9004059,259.8014069,315.7518311,359.999939
509020102,684.2,-1,360.9999695,174.7049589,103.8017404,-1,28.97372246,85.00068665,178.6729279,260.5105896,317.4609802,359.9999695
509020111,625.83,-1,360.999939,176.8349095,104.2380228,-1,29.41013374,89.21393585,178.286911,265.3320313,320.4616516,359.999939
509020112,501.67,-1,360.9999695,181.369522,104.3821666,-1,31.34386368,93.64994049,185.8258209,271.318222,321.1422302,359.9999695
509010303,479.24,-1,360.9999695,178.5382413,100.5001508,-1,41.31414642,92.56355286,177.6743469,263.9464188,318.1358307,359.9999695
509010304,400.24,-1,360.9998474,179.2841079,102.5440468,-1,39.11161842,92.19016647,175.2545013,269.632637,322.1161469,359.9998474
509010402,343.05,-1,360.999939,181.7713496,101.9521503,-1,40.35750885,95.29282188,181.3282471,270.3689957,321.2705353,359.999939
509010403,434.78,-1,360.9999695,180.5497746,100.9853713,-1,41.07191849,95.0050621,180.2359619,268.1779251,317.5512695,359.9999695
509010404,398.88,-1,360.999939,179.1623469,101.8662431,-1,39.13916397,91.398983,178.9056549,265.9559631,320.2089539,359.999939
509010405,396.48,-1,360.999939,177.3113841,101.4432063,-1,37.85949974,90.94138718,176.354187,263.2477341,318.5739441,359.999939
510010105,897.01,-1,361,177.399534,102.7566749,-1,34.77601166,91.06947327,176.3983765,266.8363647,317.1607422,360
510010102,199.16,-1,360.9998474,183.5686978,99.78234321,-1,47.43482819,98.79383087,181.6521759,272.0937195,317.3270874,359.9998474
510010104,173.67,-1,360.9997253,176.7077807,103.0036222,-1,34.26712418,89.14110565,176.5803528,264.9312439,319.5600281,359.9997253
510010106,484.49,-1,360.999939,180.9361176,99.70619162,-1,42.98283577,95.61311722,182.0694275,264.5087433,317.3319397,359.999939
510010201,215.44,-1,360.9999695,174.6844435,101.4217059,-1,35.52613449,88.01311493,175.4006348,258.8514328,317.6346893,359.9999695
510010202,518.92,-1,361,181.7286114,101.681451,-1,39.64610062,95.33609772,181.2655487,269.0180664,321.6498474,360
510010203,673.76,-1,361,181.3550921,98.96065432,-1,43.44155006,97.96506882,182.7521057,263.848053,316.645752,360
510020302,506.9,-1,360.9999695,184.5094525,103.347194,-1,39.65776443,96.91896057,183.3171387,275.9767151,325.4485779,359.9999695
510020303,315.98,-1,360.9999695,179.7041388,100.7879201,-1,41.49126358,93.07344055,179.3344421,266.9230652,317.6339294,359.9999695
510020304,242.07,-1,360.999939,182.995138,101.9345103,-1,41.30248184,95.82474518,183.3184814,271.4893036,320.7870056,359.999939
510020511,210.18,-1,360.9996338,179.7168758,103.0337155,-1,36.16634445,91.520401,179.530838,268.3819885,322.2373169,359.9996338
511000109,265.35,-1,361,186.2120233,104.6846922,-1,34.33367996,93.08908653,195.6851501,273.5720062,323.2305756,360
511000208,547.83,-1,361,179.7349394,106.1603825,-1,33.43473549,83.09635353,183.7034302,272.1256104,324.5953583,360
511000112,412.41,-1,360.9999084,183.4052288,101.0244801,-1,39.37316208,98.82773781,186.8367157,267.4907379,322.0161499,359.9999084
511000113,470.13,-1,361,185.9343153,105.505299,-1,34.65184708,93.55982971,191.0006866,277.4833069,326.8492554,360
511000114,283.73,-1,360.9996033,183.7294758,100.9448618,-1,40.06636658,98.09791565,188.4691467,268.149353,320.3923157,359.9996033
511000201,954.17,-1,360.9999695,182.898219,102.8254388,-1,37.58408279,94.70136642,185.3219299,270.7155304,322.7150879,359.9999695
511000202,650.83,-1,361,178.7879605,106.0188693,-1,30.09098244,87.95089722,179.745285,271.0695572,323.299469,360
511000203,808.07,-1,360.9999695,183.1615325,102.4033702,-1,36.73276825,96.98160553,187.1411285,269.9524231,319.9884644,359.9999695
511000204,389.53,-1,360.9999695,179.7817964,108.0948314,-1,26.20777988,85.77488327,183.309967,274.6597061,324.2654266,359.9999695
511000205,349.85,-1,360.9999695,183.4272829,105.8829536,-1,34.39516678,91.02986145,184.292099,277.3653564,326.9393066,359.9999695
511000207,657.91,-1,360.9998779,185.3609918,105.2492142,-1,34.75020599,92.53879547,191.970932,275.8698425,326.0108948,359.9998779
511000209,561.14,-1,361,179.1833696,106.719797,-1,31.78557549,83.2750206,181.8022919,272.4147186,325.9563843,360
511000301,264.02,-1,360.9999695,180.4394469,105.5907916,-1,34.45802879,85.56876945,184.6644897,272.3771515,323.7697296,359.9999695
511000302,966.92,-1,360.9998779,178.723557,107.0290443,-1,31.62861824,82.75191498,179.28685,273.3053741,326.4445801,359.9998779
511000303,676.93,-1,360.9999695,183.8120455,101.1073287,-1,39.46647644,98.63137817,189.3658295,267.8536377,320.0911865,359.9999695
511000305,424.2,-1,360.999939,179.6139962,104.3730224,-1,32.00059624,89.92668343,184.2524414,268.622963,320.6101563,359.999939
510020106,526.46,-1,360.9998779,183.9097005,102.1353109,-1,43.32188301,95.53221703,184.3791962,274.4368057,321.4068115,359.9998779
510020202,629.68,-1,361,184.9492229,104.2089066,-1,39.76603241,95.99774933,183.5467987,278.7205811,326.6107056,360
510020203,189.41,-1,360.9998169,182.824723,103.7416884,-1,40.10387192,95.11501884,179.4957275,276.7770538,323.6407745,359.9998169
510020204,390.4,-1,361,181.2618123,102.0893155,-1,40.79126663,94.34152985,179.3131561,270.3323975,321.358374,360
510020301,358.28,-1,360.9999695,183.2404236,102.4728162,-1,40.04057922,95.27098274,183.6005096,272.5049896,322.7488373,359.9999695
511000111,662.44,-1,360.9999084,180.3630456,104.6602864,-1,31.75320435,90.86019707,183.3503265,269.9831161,322.1903229,359.9999084
511000108,937.69,-1,360.9999695,182.5612112,105.0769715,-1,34.83671341,90.22264862,186.249649,273.0123901,323.951001,359.9999695
511000605,722.44,-1,360.9999084,178.1585038,104.124953,-1,34.8244751,88.39727783,176.9169006,268.2426147,322.9479553,359.9999084
511000403,546.95,-1,360.9999695,181.7641909,102.1574979,-1,36.57607346,95.5668335,185.682785,268.0799255,320.4472473,359.9999695
511000404,652.74,-1,360.9999084,184.6988264,100.7494218,-1,40.34489059,101.5572968,188.7625122,268.8284454,321.6567078,359.9999084
511000603,171.13,-1,360.9999695,173.8694658,103.0803856,-1,34.4757988,85.25992393,170.6682434,260.9038696,320.2854767,359.9999695
511000502,398.27,-1,360.999939,179.7036513,100.3845457,-1,36.04614563,97.57749939,183.5163422,260.3158569,318.7517273,359.999939
511000503,972.28,-1,360.9999695,183.3892279,102.177669,-1,38.39581528,96.98675537,186.3913116,270.6231995,322.0818359,359.9999695
511000504,264.72,-1,360.999939,178.9094321,102.4372018,-1,37.50696182,93.09369087,177.0648651,267.0765152,321.1021271,359.999939
511000604,391.35,-1,360.9999084,179.6712349,105.0128032,-1,33.80111809,87.7709198,180.9927063,270.9534531,324.1383606,359.9999084
510020403,495.75,-1,360.9999695,180.8528218,102.3056426,-1,39.00429153,92.74280548,181.5892487,269.3175049,319.2452087,359.9999695
510020405,650.09,-1,360.9999695,179.4569423,102.6403208,-1,37.95194168,92.13470459,178.7869568,268.5951233,320.4168884,359.9999695
510020501,601.83,-1,360.999939,178.1225008,99.26666853,-1,41.87268143,94.41810226,178.471405,261.0919647,315.9687561,359.999939
510020515,926.4,-1,360.9998474,182.354249,102.5480667,-1,38.58917809,94.56928635,185.2894897,270.7059021,321.1393433,359.9998474
801020104,555.74,-1,360.9999695,181.9645756,106.1793387,-1,31.31881199,91.59571266,184.4214478,276.5567398,323.4058533,359.9999695
801020202,793.97,-1,360.9999084,184.4289268,101.5282725,-1,41.44130211,100.7770576,184.853363,272.8047943,321.7095062,359.9999084
507020207,449.8,-1,360.9999695,186.1057645,105.1533339,-1,37.52189941,98.08817673,184.5309753,281.836853,328.9245117,359.9999695
510010110,798.18,-1,360.9999084,181.9329055,100.9067161,-1,41.2684021,96.19739532,183.4553986,267.6549072,320.1334229,359.9999084
511000110,952.89,-1,361,185.0410812,100.6333375,-1,41.2657341,101.2190628,189.7636261,269.8265076,319.8903564,360
511000501,342.87,-1,360.9999695,177.0189846,102.0676313,-1,36.74570122,89.78129005,175.6218262,263.3399887,320.6511963,359.9999695
510020505,628.3,-1,361,175.3217544,102.5418932,-1,35.04128647,89.14878082,175.5645447,263.4619751,318.1871765,360
513010101,962.73,-1,360.9999695,184.1707613,103.05482,-1,40.50716248,96.26010513,182.5114746,275.1009979,324.3432922,359.9999695
513010102,790.42,-1,360.999939,181.2899534,103.5620668,-1,37.45253754,92.07979965,180.7640076,272.2496414,322.1781006,359.999939
510020404,562.13,-1,361,178.9212386,103.572926,-1,35.44452972,91.222229,176.4855347,269.6466904,323.0202362,360
511000206,947.23,-1,360.9999695,181.8095596,107.2959777,-1,32.28052902,85.84664154,184.0656586,277.3690796,327.8061829,359.9999695
801010001,222.19,-1,360.9999695,167.9420647,109.105583,-1,10.67908821,74.40509796,170.230011,265.2196503,312.7404846,359.9999695
801020201,708.76,-1,360.9998474,186.5074302,102.7855898,-1,40.69882774,99.36673164,190.0115051,276.5630722,323.7781586,359.9998474
801020105,830.27,-1,361,178.5426938,105.5654275,-1,30.43932152,87.36070824,181.3100433,270.6688538,320.7361145,360
