huc10,areasqkm,sum,majority,range,mean,std,min,percentile_10,percentile_25,median,percentile_75,percentile_90,max
0507020303,580.98,1918.7066650390625,1.5658289953535132e-07,0.18082444369792938,0.0002919825917438108,0.008455372669173632,-0.09741300344467163,-0.008557901717722416,-0.003691049525514245,-5.1090137276332825e-05,0.003674605395644903,0.009787620976567279,0.08341144025325775
0509010110,466.16,1268.957275390625,1.565787783874839e-07,0.13573095574975014,0.0002425107753497987,0.00560497561555203,-0.07685378193855286,-0.005265447776764631,-0.0018081602174788713,0.0002050952462013811,0.002787416335195303,0.006151291541755199,0.05887717381119728
0510010111,834.17,1811.984130859375,0.0005101030692458153,0.09325239807367325,0.00019253048807112033,0.003729606569814027,-0.04891759157180786,-0.003678314853459596,-0.0009343365090899169,0.0004811531398445368,0.0019725998281501234,0.0038991745095700026,0.04433480650186539
0510010113,485.27,691.6460571289062,1.5657525409551454e-07,0.11788715422153473,0.00012639541167857248,0.003652367274135527,-0.052901268005371094,-0.003519382909871638,-0.0010686788882594556,0.0003164309891872108,0.0018314437184017152,0.003684330894611776,0.06498588621616364
0509020302,293.77,286.4619140625,1.5657397511859017e-07,0.11361172422766685,8.697117427378523e-05,0.0034125674776008716,-0.059251729398965836,-0.0029933343175798655,-0.0009451249497942626,2.7352058168617077e-05,0.0013663426507264376,0.003321494208648801,0.05435999482870102
0601020604,1018.64,2559.767333984375,1.5659431085168762e-07,0.16606803983449936,0.00022350559473865194,0.005089067276295129,-0.07907523959875107,-0.004844003356993198,-0.0015552690019831061,0.00043602570076473057,0.0026350115658715367,0.005151079036295414,0.08699280023574829
0601020603,683.12,1503.06982421875,0.0022337709087878466,0.14933475106954575,0.0001954373828754811,0.005260593554579798,-0.07400158792734146,-0.005228091171011328,-0.00181829824578017,0.00046307663433253765,0.002679360215552151,0.005350412800908089,0.07533316314220428
0601020601,397.42,951.1245727539062,1.5657177243610931e-07,0.19018686562776566,0.00021251297818461413,0.007505791825590153,-0.09165789186954498,-0.007713504321873187,-0.0030101503944024444,0.00019456901645753533,0.003484211047179997,0.007943524979054928,0.09852897375822067
0510020507,895.65,778.9680786132812,1.5657944629765552e-07,0.1715320572257042,7.713199782370737e-05,0.0025661967038947864,-0.08654758334159851,-0.00203570572193712,-0.000643355495412834,0.00018107204232364893,0.0010232265049126,0.002157881623134017,0.08498447388410568
0511000304,329.4,719.0175170898438,1.5658919494399015e-07,0.08204484730958939,0.0001936960390771144,0.0028343040346835062,-0.040892090648412704,-0.002428131690248847,-0.0007078018679749221,0.00010359418229199946,0.0012699496583081782,0.0030273611657321425,0.04115275666117668
0511000602,565.63,761.2139282226562,1.565922360668992e-07,0.12164834141731262,0.00011947582404519284,0.0028961970457222217,-0.06413905322551727,-0.0025134644936770202,-0.0006928346847416833,0.00019498982874210924,0.001302810531342402,0.0028310897760093225,0.05750928819179535
0507020103,973.4,2406.41064453125,-0.0073934076353907585,0.16733034700155258,0.00021932727821112437,0.00918549406425014,-0.08080411702394485,-0.009501994401216504,-0.00394070812035352,2.059583039226709e-06,0.004008016432635486,0.010356918629258869,0.08652622997760773
0509020308,572.18,764.9651489257812,1.5657450092021463e-07,0.10382874682545662,0.00011899691899452842,0.0038693085413594765,-0.051486723124980927,-0.0035832630470395087,-0.0009610199485905468,0.00014713886776007712,0.001697754836641252,0.00390232698991895,0.05234202370047569
0511000106,682.05,1072.0863037109375,1.5658827123843366e-07,0.12747034803032875,0.000139496106161385,0.003619033114243168,-0.0778864324092865,-0.0032468459103256464,-0.0008583840099163353,0.000272127625066787,0.0016015032306313515,0.0035762381739914417,0.04958391562104225
0511000402,380.07,310.232421875,1.565865233033037e-07,0.14397253096103668,7.24565654914842e-05,0.0028432007086366183,-0.06749099493026733,-0.002545989817008376,-0.000854346202686429,0.00017792265862226486,0.0012385384179651737,0.002740757633000613,0.07648153603076935
0510020107,610.08,3128.32861328125,-0.007007070817053318,0.18478040397167206,0.000454019810379743,0.00727591696884988,-0.09268555045127869,-0.007298950105905533,-0.002331287134438753,0.00048514961963519454,0.0034988673869520426,0.008150225505232811,0.09209485352039337
0604000605,391.68,308.7398986816406,1.5659237817544636e-07,0.07927951589226723,6.988159659868422e-05,0.0016916648744758538,-0.043206170201301575,-0.0012697121826931834,-0.0002839944645529613,3.378917483587429e-07,0.0004966871056240052,0.001608037715777756,0.03607334569096565
0511000601,214.38,293.4873046875,1.5659004759527306e-07,0.09321204200387001,0.00012142376230839246,0.0028295818436090523,-0.044251345098018646,-0.0023312059696763755,-0.0006252776656765491,0.00012968927330803126,0.001126190589275211,0.002739154477603736,0.048960696905851364
0509020101,655.48,3162.932861328125,-0.0013185638235881925,0.11092723906040192,0.00042734614858479285,0.0070262928069086275,-0.06191106513142586,-0.006146410666406154,-0.002004386158660054,0.00042748459964059293,0.0031544265802949667,0.0073969272896647455,0.04901617392897606
0511000401,555.11,227.6590118408203,0.0012645437382161617,0.17392081022262573,3.6407005387003275e-05,0.0032118669855800922,-0.09096488356590271,-0.0029474915005266666,-0.0009858196135610342,0.00014318917237687856,0.0013393322005867958,0.003051401022821665,0.08295592665672302
0511000101,1015.14,1660.053955078125,1.5658648067073955e-07,0.11840120702981949,0.00014512125667760098,0.0042731608772467,-0.06324158608913422,-0.00315920184366405,-0.0007159889210015535,0.00024237463367171586,0.001587900798767805,0.003805262525565923,0.05515962094068527
0507020305,551.91,2625.688720703125,-0.004168729763478041,0.1448236182332039,0.00042069209662054557,0.007555453176628348,-0.06950543820858002,-0.007166092563420534,-0.003146930830553174,2.76316495728679e-05,0.003468478098511696,0.008867754600942142,0.07531818002462387
0507020301,621.96,1978.9422607421875,1.5658319796330034e-07,0.14626750349998474,0.00028158112067180007,0.00882953993656279,-0.06354459375143051,-0.009076525829732418,-0.0040335762314498425,-0.00013965927064418793,0.004043590743094683,0.010527742095291618,0.08272290974855423
0507020304,437.26,2318.686279296875,1.5658295637877018e-07,0.16474954783916473,0.00046910351865062696,0.008338448660335845,-0.07307390868663788,-0.008383245021104813,-0.0034455435816198587,0.0002049136091955006,0.004247122211381793,0.010049390047788619,0.09167563915252686
0507020401,269.16,1250.04541015625,-0.0046509383246302605,0.14006861299276352,0.00041076568218677463,0.007342185551582217,-0.0764225646853447,-0.007498025894165039,-0.002771038154605776,0.0003732101176865399,0.0038866778486408293,0.008565928414463998,0.06364604830741882
0507020403,248.25,1039.633056640625,1.5658248742056458e-07,0.1167319007217884,0.00037006849631905506,0.006459618537244412,-0.06173364818096161,-0.006121719814836979,-0.002319521503522992,0.00029974625795148313,0.003330592648126185,0.007337619271129372,0.0549982525408268
0507020202,418.12,1101.1195068359375,1.565855853868925e-07,0.18308698385953903,0.0002332453847603579,0.010425355405292982,-0.08950518816709518,-0.011308887414634228,-0.004767165053635836,-3.675542029668577e-05,0.004720912082120776,0.012152263335883616,0.09358179569244385
0507020404,377.31,1250.3704833984375,-0.008439462631940842,0.14114273339509964,0.00029409638455619715,0.005879895667200828,-0.06748750805854797,-0.005707799363881349,-0.0021980394376441836,0.00020541403500828892,0.0029849185375496745,0.006705606076866386,0.07365522533655167
0510010112,750.72,1474.9075927734375,1.5657609253594273e-07,0.14366105198860168,0.0001742195999966734,0.004132640654105682,-0.09256725013256073,-0.004145250888541341,-0.0011487995798233896,0.0004532422753982246,0.0022293240763247013,0.004413078306242824,0.051093801856040955
0510010109,249.93,315.501220703125,1.565752256738051e-07,0.08133462816476822,0.00011174893695582375,0.0024615958266187453,-0.03699982166290283,-0.002217123983427882,-0.0006376771780196577,0.00025000894675031304,0.0011927338782697916,0.0023902935674414046,0.04433480650186539
0510010204,635.97,919.2701416015625,0.00035531408502720296,0.09415023401379585,0.00012819109580543137,0.0025883324154664204,-0.041143063455820084,-0.0023072664858773346,-0.000641985418042168,0.0002680565230548382,0.0012144680367782712,0.0025036959676072008,0.05300717055797577
0510010205,357.4,719.616943359375,-0.0015942170284688473,0.09457115083932877,0.0001784988696146502,0.0038403161758448065,-0.046329695731401443,-0.0037607403472065923,-0.0009722148533910513,0.0003784957225434482,0.0020192158408463,0.004046651907265189,0.04824145510792732
0510020101,485.15,1699.8265380859375,1.5657974472560454e-07,0.17368873953819275,0.0003100444663883772,0.008920143881659893,-0.09323540329933167,-0.008898534812033176,-0.0038376166485249996,8.389428694499657e-05,0.0041361586190760136,0.009934497624635698,0.08045333623886108
0510020102,221.32,700.1028442382812,1.5658508800697746e-07,0.15775860100984573,0.0002796948754395184,0.007952899925787557,-0.08175310492515564,-0.008173894882202147,-0.0034324544249102473,1.0286413271387573e-05,0.0036179450107738376,0.00916886143386364,0.0760054960846901
0510020103,669.55,2323.9296875,1.5658034158150258e-07,0.18955527245998383,0.0003072084990269233,0.00850499713313832,-0.08789399266242981,-0.008504531346261501,-0.0037324450095184147,5.284530561766587e-05,0.003996711922809482,0.009515777695924044,0.10166127979755402
0510020104,279.01,1178.728271484375,-0.008601599372923374,0.19190189987421036,0.0003737766683222675,0.007375518182960759,-0.07483692467212677,-0.007092585042119026,-0.0028104501543566585,0.00016074936138466,0.0033029047772288322,0.008054556325078016,0.11706497520208359
0510020105,637.32,2436.583984375,0.004213694017380476,0.1891162246465683,0.00033848867472116454,0.00719392105873216,-0.0804646909236908,-0.00691960146650672,-0.0027109687216579914,0.00015134063141886145,0.00319056143052876,0.007877793163061142,0.1086515337228775
0510020401,355.5,1247.691162109375,-0.004273355472832918,0.12313961982727051,0.0003107019648320275,0.004952767485009846,-0.06992825865745544,-0.004841771349310875,-0.0012650518910959363,0.0005577969131991267,0.002510417252779007,0.005146773811429737,0.053211361169815063
0510020402,769.32,3517.2734375,1.5658255847483815e-07,0.2811780944466591,0.00040496753459457233,0.006679466593946558,-0.11568004637956619,-0.0066343942657113054,-0.002056775556411594,0.000510039331857115,0.003273797337897122,0.007143996376544238,0.1654980480670929
0510020305,185.1,997.1818237304688,1.565859690799698e-07,0.12540702149271965,0.00047670787520775977,0.006891202293954075,-0.06050874665379524,-0.007199973985552788,-0.001874287729151547,0.0007100466173142195,0.003522139508277178,0.0075182493776082965,0.06489827483892441
0510020306,328.97,1773.5789794921875,-0.006584779359400272,0.13147059455513954,0.0004773202840628112,0.007263152263339341,-0.05872267112135887,-0.007508837105706333,-0.0022949010599404573,0.0005075812805444002,0.003577411232981831,0.008186209201812743,0.07274792343378067
0507020205,582.56,1959.55810546875,1.5658309848731733e-07,0.18034494668245316,0.0002988412722511574,0.008166296831434014,-0.08289249241352081,-0.008538705110549927,-0.003299359348602593,0.00028722971910610795,0.003989391028881073,0.009072121605277062,0.09745245426893234
0507020105,515.03,1778.8846435546875,1.5657874996577448e-07,0.20558291673660278,0.0003058841629002738,0.008201442692320303,-0.11959673464298248,-0.008149243239313365,-0.0035468582063913345,-7.108052523108199e-05,0.0035020766081288457,0.00941048171371222,0.0859861820936203
0507020402,168.27,718.9631958007812,1.5658160634757223e-07,0.11610286310315132,0.00037752463266956725,0.006886442452304067,-0.06370730698108673,-0.006653028866276145,-0.002495957654900849,0.00029400046332739294,0.0035365638905204833,0.007891436014324424,0.05239555612206459
0510020201,238.68,1006.2994384765625,-0.004848298616707325,0.153960183262825,0.0003729535127165109,0.006712691370890159,-0.06707561761140823,-0.0068474147934466595,-0.002337941143196076,0.000502939336001873,0.0032415990717709064,0.007080424344167113,0.08688456565141678
0510020504,515.83,1039.4791259765625,1.565838232409078e-07,0.1121978685259819,0.0001786883864615882,0.0033891335900710848,-0.05369452387094498,-0.002601487794891,-0.0006895526894368231,0.000224304836592637,0.0013245779555290937,0.0030687663704156874,0.058503344655036926
0514020601,260.41,144.10675048828125,1.5659200869322376e-07,0.059993185102939606,4.9064749322976054e-05,0.0012612163183805796,-0.03218306228518486,-0.0006922407425008714,-0.0001498393976362422,1.5696879529514263e-07,0.00023997823882382363,0.0009312009671702994,0.027810122817754745
0514020602,182.0,116.87767791748047,1.5659152552416344e-07,0.05538265407085419,5.7194515088475367e-05,0.0017766059287188096,-0.030474036931991577,-0.0015362638398073614,-0.00039949626807356253,4.151390749029815e-05,0.0006438092241296545,0.0017507871263660521,0.02490861713886261
0514010109,547.81,515.5030517578125,1.5658127949791378e-07,0.11945667490363121,8.37673831334621e-05,0.0033695635854868104,-0.07029687613248825,-0.0014335960382595657,-0.00031184396357275546,6.099859888308856e-07,0.0004769363295054063,0.0019784620963036997,0.04915979877114296
0514010410,448.76,-95.49246215820312,1.565829705896249e-07,0.16019842773675919,-1.898253194052236e-05,0.0029493292401805626,-0.0698479637503624,-0.0028573721880093216,-0.0010473434231244028,9.608473874322954e-07,0.0012732908071484417,0.0028395324945449866,0.09035046398639679
0514010414,345.48,354.18133544921875,1.5658328322842863e-07,0.10846978798508644,9.136612595188006e-05,0.003141970174633457,-0.06117197498679161,-0.0027448026230558753,-0.0007379365124506876,6.579031469300389e-05,0.0012886484328191727,0.0031158090569078922,0.04729781299829483
0514020107,295.35,442.71759033203125,1.565838090300531e-07,0.07967794686555862,0.00013381488769215858,0.002645569538816129,-0.040951021015644073,-0.002108333120122552,-0.0004163286939729005,3.2920533499236626e-07,0.0007263415609486401,0.0027296065352857136,0.03872692584991455
0514020108,239.73,233.42868041992188,1.5658567065202078e-07,0.07053720206022263,8.656089553187874e-05,0.001990670922136091,-0.03189368173480034,-0.0014308394631370902,-0.0003045430639758706,4.0771013232188125e-07,0.0004665968590416014,0.0018258023541420701,0.03864352032542229
0514020504,269.12,328.3925476074219,1.5658874019663926e-07,0.08899588137865067,0.00010825019270798481,0.0024486934722654143,-0.04933625087141991,-0.0020081153372302654,-0.0004635669247363694,3.800739796133712e-05,0.0008391046867473051,0.0025013638893142355,0.03965963050723076
0514010401,553.82,-245.34326171875,1.5658162055842695e-07,0.11850422248244286,-3.9372725068404665e-05,0.0029469267427446187,-0.059977807104587555,-0.0030760310124605893,-0.0011679206509143114,2.67926543529029e-06,0.001286480575799942,0.0030328984139487156,0.0585264153778553
0514020112,274.13,222.4182586669922,1.5658480378988315e-07,0.07901978120207787,7.227778474654228e-05,0.0015534781156427188,-0.03952641412615776,-0.0008436089672613889,-0.00016153958495124243,1.565887686183487e-07,0.00024538844445487484,0.0011174403014592828,0.039493367075920105
0514020106,293.81,614.3279418945312,1.565828000593683e-07,0.08864617720246315,0.00018549954779016503,0.0035020433038073797,-0.04629451408982277,-0.0034051235299557437,-0.0008711086120456457,8.240131137426943e-05,0.0016380958259105682,0.004054095968604088,0.04235166311264038
0514020206,420.57,195.53749084472656,1.5658510221783217e-07,0.08206484839320183,4.144041096867336e-05,0.001567485276752175,-0.04115056246519089,-0.0005303338984958826,-9.001220132631715e-05,1.5725831303825544e-07,0.00014572374857380055,0.0007915810216218239,0.04091428592801094
0514010103,431.72,375.8148498535156,1.565774567779954e-07,0.17151682823896408,7.758884735431362e-05,0.004489547836679524,-0.11429568380117416,-0.003044204553589225,-0.0006664112734142691,4.462568540475331e-05,0.0012429472408257425,0.0037342042196542025,0.05722114443778992
0514020607,514.2,174.2837677001953,1.5659182395211246e-07,0.1153486967086792,3.017656714170392e-05,0.0016385027390808959,-0.05708339437842369,-0.0008876809151843191,-0.00017660360754234716,2.2072964611652424e-07,0.0002595601254142821,0.001046343729831279,0.05826530233025551
0514010301,709.77,1727.6624755859375,1.5658125107620435e-07,0.07927541434764862,0.00021594879358610998,0.0037100382568876957,-0.04282081127166748,-0.003624394279904663,-0.0009783481364138424,0.00041795632569119334,0.0019399051961954683,0.004005402326583863,0.03645460307598114
0514010302,416.81,644.5950927734375,1.565836242889418e-07,0.08632300421595573,0.0001371717366132448,0.0033032453913986845,-0.04366954043507576,-0.0031050119549036023,-0.0008552859362680465,0.0003580370685085654,0.0015967700746841729,0.003324931673705577,0.042653463780879974
0514010105,278.68,144.74456787109375,1.5657940366509138e-07,0.09261470288038254,4.605765644474807e-05,0.0021494288734363472,-0.04823310300707817,-0.0020273498725146056,-0.0006398476252797991,0.0001415125880157575,0.0009835176751948893,0.0020876789465546605,0.04438159987330437
0514010106,439.65,340.3197326660156,1.5658002894269885e-07,0.1540057547390461,6.886561111215978e-05,0.003528236607945776,-0.09262169897556305,-0.0022863477002829312,-0.0005413272883743048,2.4009310436667874e-05,0.0009250742150470614,0.0027473930269479754,0.06138405576348305
0514010205,324.36,315.05108642578125,1.5657963103876682e-07,0.10754983127117157,8.612687806132258e-05,0.002574883386210611,-0.05551089346408844,-0.0023749845568090677,-0.0007274268136825413,0.0002451930195093155,0.0012176665477454662,0.0024539867881685495,0.05203893780708313
0514010211,226.2,433.5305480957031,1.565834537586852e-07,0.11248909682035446,0.0001699890477895151,0.0032883045104434177,-0.05412394180893898,-0.0019971756031736732,-0.00044179298129165545,4.382649785839021e-05,0.0008629066433059052,0.002743603638373316,0.05836515501141548
0514010212,327.19,449.46331787109375,1.5658103791338362e-07,0.12383817508816719,0.00012184778001281031,0.0033643690947220786,-0.06035657599568367,-0.0018484308500774204,-0.000371544694644399,1.7159332855953835e-05,0.0007154367631301284,0.0025995973963290455,0.06348159909248352
0514010213,222.95,272.9161682128906,1.5658407903629268e-07,0.1339542344212532,0.0001085251703485327,0.0037772320496148007,-0.06480268388986588,-0.003209614334627986,-0.0010095959296450019,0.00020689998927991837,0.0016429343959316611,0.00355948270298541,0.06915155053138733
0514020301,167.89,168.4578857421875,1.5658724805689417e-07,0.09923118725419044,8.891113669622184e-05,0.0021700406484525545,-0.04644765332341194,-0.0010072658071294425,-0.0001883344812085852,6.514412120850466e-07,0.0003052092797588557,0.0014442650834098473,0.0527835339307785
0514010303,822.37,1164.132568359375,1.565828000593683e-07,0.1096222773194313,0.0001256468829208424,0.00295779061167719,-0.062028344720602036,-0.0024977652356028552,-0.0007071505533531308,0.00021262248628772795,0.0012686351547017694,0.0027862560935318467,0.04759393259882927
0514010306,388.32,896.1328125,1.5658373797577951e-07,0.1364181935787201,0.00020478467260789365,0.004635717970843926,-0.0684071034193039,-0.0034615526674315333,-0.0007952792657306418,0.00013274396769702435,0.0016707741597201675,0.004390934947878122,0.0680110901594162
0514020102,420.31,611.3885498046875,1.5658424956654926e-07,0.1790660321712494,0.00012929064120491819,0.003442291747415879,-0.07525473833084106,-0.003266362100839615,-0.0009448708733543754,7.764279143884778e-05,0.0015495708503294736,0.00360231143422425,0.10381129384040833
0514020204,470.31,310.6053466796875,1.5658483221159258e-07,0.07683265581727028,5.8698722498853354e-05,0.0014974641103396053,-0.04110538959503174,-0.0010521542630158361,-0.0002641145183588378,4.824451025342569e-07,0.0003919212831533514,0.0012938245432451364,0.03572726622223854
0514020302,195.28,296.6698913574219,1.565876601716809e-07,0.08302555978298187,0.00013467187766604154,0.002510427755307411,-0.039760034531354904,-0.0018280313350260255,-0.00040121088386513293,2.0024885088787414e-05,0.0007175906212069094,0.0024438566993921986,0.04326552525162697
0514020304,171.82,241.6509552001953,-0.006852585356682539,0.07033060863614082,0.0001246303808110692,0.0028617867813259153,-0.03584861755371094,-0.002995673567056656,-0.0009920165175572038,0.00016935149324126542,0.0015350333414971828,0.0032619601115584373,0.034481991082429886
0514020505,406.49,536.8179321289062,1.5658567065202078e-07,0.09806251153349876,0.00011718328817130242,0.002512067261124008,-0.054332442581653595,-0.002085121814161539,-0.0004902136279270053,5.2942385082133114e-05,0.0009326875442638993,0.0025557370390743017,0.04373006895184517
0514020205,387.02,320.0088195800781,1.5658739016544132e-07,0.06566173397004604,7.33939090651773e-05,0.0017988793042516141,-0.039387088268995285,-0.0016262082383036612,-0.00044297993008513004,2.889819734264165e-05,0.0006925924972165376,0.0018751093884930015,0.02627464570105076
0514020502,515.98,795.2822265625,1.5658983443245234e-07,0.10503536090254784,0.00013685714836236687,0.0025211725330068803,-0.060258399695158005,-0.001968774385750293,-0.000525498267961666,4.2803894757525995e-05,0.0008860198722686619,0.0024708365090191364,0.04477696120738983
0514010101,345.11,434.2543029785156,1.5657742835628596e-07,0.10035785287618637,0.00011159144213993278,0.004045031706415842,-0.05640760809183121,-0.0035920701920986176,-0.0010681210842449218,0.00033338856883347034,0.0017521261470392346,0.0037181401858106256,0.043950244784355164
0514020207,453.74,369.4590148925781,1.565858838148415e-07,0.08611986041069031,7.234791298499836e-05,0.0017462976475842832,-0.040557608008384705,-0.0009051389293745158,-0.00018881281721405685,1.9925266769860173e-06,0.00028534838929772377,0.0012144735548645265,0.0455622524023056
0514020501,443.71,639.821533203125,1.565913834156163e-07,0.1261904016137123,0.00012799374520202147,0.0031828188409423227,-0.07560750097036362,-0.0029538517352193593,-0.0008622391906101257,0.00017993542132899165,0.0014556881214957684,0.0032461907947435994,0.050582900643348694
0514020503,806.58,1162.43505859375,1.56589052835443e-07,0.1393144130706787,0.00012796378577695805,0.0028175439698159633,-0.07502599060535431,-0.00259616794064641,-0.000733935710741207,0.00011587626067921519,0.0012891840597148985,0.0029498379211872817,0.0642884224653244
0514020603,197.06,76.85930633544922,1.5659063024031639e-07,0.048555949702858925,3.457863102992218e-05,0.0011514119746665733,-0.02551313489675522,-0.0009454175946302711,-0.00029352862475207075,2.5938112230505794e-05,0.00044346271170070395,0.001081514416728169,0.023042814806103706
0514020606,272.83,69.368408203125,1.5659151131330873e-07,0.05361779034137726,2.2543238612876556e-05,0.0008980013105815993,-0.024025563150644302,-0.0007237003301270305,-0.00023107333981897682,1.638231515244115e-05,0.0003300581738585606,0.0008161659236066043,0.029592227190732956
0514010201,421.18,538.8572387695312,0.0007737110136076808,0.06737513095140457,0.00011335809754693117,0.001971863054798821,-0.032525330781936646,-0.0018318299436941741,-0.0005857521609868854,0.00019231889746151865,0.0009971043327823281,0.002011093171313405,0.034849800169467926
0514010304,619.24,2393.689208984375,1.5658694962894515e-07,0.1768602579832077,0.00034296018064690847,0.00543956927036827,-0.1002577394247055,-0.004851289093494415,-0.0012438840931281447,0.00036055140662938356,0.002438716182950884,0.005631515756249428,0.0766025185585022
0514010305,797.71,1898.356201171875,1.565860685559528e-07,0.14339657872915268,0.00021122928076260103,0.004679891120972397,-0.07250258326530457,-0.0034239771310240028,-0.0008112202340271324,0.00021588147501461208,0.0017076488002203405,0.0042470220476388916,0.07089399546384811
0514020303,509.04,726.77001953125,1.5658889651604113e-07,0.12131939828395844,0.0001267098859461555,0.0028978018090057276,-0.06451163440942764,-0.0027889444027096033,-0.000806639960501343,5.7042463595280424e-05,0.0013497185427695513,0.003138527274131775,0.05680776387453079
0514020407,506.28,569.5787353515625,1.5658601171253395e-07,0.08756522089242935,0.000100219244001192,0.002349262351520555,-0.04859839007258415,-0.0016568860970437526,-0.0002794229512801394,2.9212775189080276e-05,0.0006440867437049747,0.0022251957561820754,0.0389668308198452
0514020305,229.75,414.3828430175781,1.5658937968510145e-07,0.10060887038707733,0.00015979329473465393,0.0031736199638308705,-0.04347096011042595,-0.0029863064642995595,-0.0008873372571542859,0.00011087906023021787,0.0014909367891959846,0.0034485617186874166,0.05713791027665138
0514020307,290.13,373.8162841796875,1.5658994811929006e-07,0.09390495344996452,0.00011481112095358722,0.002638324189628249,-0.05232209339737892,-0.002638485562056303,-0.0008432137256022543,0.00011268736852798611,0.001324335637036711,0.0028374115703627472,0.0415828600525856
0514020309,332.16,331.210693359375,1.5659001917356363e-07,0.10519937425851822,8.861772408547026e-05,0.0024683853026962843,-0.05512065440416336,-0.0023119663586840034,-0.000593721866607666,3.238318822695874e-05,0.0010272397485096008,0.002572367386892438,0.05007871985435486
0514010202,168.24,435.5811767578125,1.5658245899885515e-07,0.08530242368578911,0.0002294693144006712,0.004502471922421379,-0.048233360052108765,-0.004883068613708019,-0.0012563573545776308,0.0005117644905112684,0.002512815990485251,0.005019213538616896,0.037069063633680344
0514010203,341.96,482.93426513671875,1.5658271479424002e-07,0.07322574034333229,0.00012526233194904858,0.004180075292659754,-0.039638884365558624,-0.003974374756217003,-0.00107402860885486,0.00039244681829586625,0.002033925266005099,0.004275518096983434,0.033586855977773666
0514010204,354.6,173.6058349609375,0.0007061615469865501,0.05649820901453495,4.343997914173831e-05,0.0015373802670364427,-0.026985906064510345,-0.0017002630047500134,-0.0005428703152574599,0.000187227749847807,0.0008513923967257142,0.0015789285534992823,0.029512302950024605
0514010206,149.0,121.2984848022461,0.0011850619921460748,0.08613872528076172,7.215281884434253e-05,0.0023906935487309432,-0.043476153165102005,-0.002429893147200346,-0.0008145132451318204,0.00026173118385486305,0.0012612554710358381,0.0023674906231462957,0.042662572115659714
0514010207,263.62,208.68930053710938,1.5658332586099277e-07,0.08227245882153511,7.02216387068291e-05,0.002616782526264583,-0.04584948718547821,-0.0024396266089752316,-0.0007556939963251352,0.0002044796128757298,0.0011921174300368875,0.0024788808077573776,0.0364229716360569
0514010208,445.12,268.9461975097656,1.565798015690234e-07,0.0659856516867876,5.361663682468709e-05,0.00231585107435475,-0.03507763892412186,-0.002348926616832614,-0.0007566424319520593,0.0001850563130574301,0.001154358295025304,0.0023814524756744504,0.03090801276266575
0514010209,270.66,250.19619750976562,1.5658068264201574e-07,0.08407993614673615,8.193794285798308e-05,0.0029312681538948265,-0.05078032985329628,-0.0025783748598769305,-0.0007421307527692989,0.00017449166625738144,0.0012823274591937661,0.0028271136106923266,0.033299606293439865
0514010210,290.4,216.95013427734375,1.5658351060210407e-07,0.1117236502468586,6.625052616454237e-05,0.002197814447363497,-0.0550626702606678,-0.0017435357673093676,-0.0005624696495942771,9.45075080380775e-05,0.0008196225389838219,0.0019409840693697335,0.056660979986190796
0510010101,605.15,2872.926513671875,-0.004908078350126743,0.14571649581193924,0.0004202067291067044,0.007685718037593253,-0.06441275775432587,-0.007168096490204334,-0.002965125604532659,0.00016811469686217606,0.003663593844976276,0.008884389884769917,0.08130373805761337
0510010103,259.93,964.0769653320312,1.565798868341517e-07,0.14940046519041061,0.000328229711586752,0.00604166078775084,-0.07815822958946228,-0.00607126443646848,-0.00173828040715307,0.0006244065589271486,0.0030718883499503136,0.0063720870763063426,0.07124223560094833
0601020602,352.76,1449.905517578125,1.5658211793834198e-07,0.21503720432519913,0.00036405775526898086,0.007906236774112953,-0.09928613901138306,-0.007969347946345805,-0.0029055399354547262,0.0004195059009362012,0.0037806276232004166,0.008415404148399832,0.11575106531381607
0513010306,836.08,2265.9814453125,1.565909144574107e-07,0.2567288726568222,0.00024053199460640268,0.00603379209571222,-0.08528630435466766,-0.004828632529824972,-0.0010172826587222517,0.00027246575336903334,0.0022183534456416965,0.005668557249009609,0.17144256830215454
0513010303,469.2,495.99334716796875,1.5658899599202414e-07,0.1646600291132927,9.372997527989331e-05,0.004022189068102614,-0.10011757910251617,-0.0028028591768816113,-0.0007485878159059212,0.00022865080973133445,0.0013895769079681486,0.0032378665637224913,0.06454245001077652
0513010305,612.44,1154.8963623046875,1.5659112762023142e-07,0.13206224888563156,0.00016732002606437943,0.0039538565708715405,-0.06350430101156235,-0.0031782716047018766,-0.0007112760504242033,0.0003212552983313799,0.0015922541497275233,0.0034458567854017035,0.06855794787406921
0513010307,979.59,4236.83203125,1.5659105656595784e-07,0.17770525813102722,0.00038415280396876316,0.006882712682773356,-0.08552872389554977,-0.0064779810141772035,-0.001393038546666503,0.0005310633569024503,0.0032306701177731156,0.007197152450680734,0.09217653423547745
0513010103,964.85,3557.34765625,1.565880154430488e-07,0.13461636751890182,0.0003266821089691051,0.006224168681469439,-0.06175622344017029,-0.006464869063347578,-0.0018330413149669766,0.0005571002839133143,0.0031175357289612293,0.0066315826959908,0.07286014407873154
0513010104,462.85,1617.9647216796875,1.5659311713989155e-07,0.1304173581302166,0.0003097325964828862,0.005982327705619272,-0.07230368256568909,-0.006108492892235517,-0.0015152033302001655,0.000468593614641577,0.0028527036774903536,0.006326930131763221,0.05811367556452751
0513010107,611.97,1608.7138671875,1.5658910967886186e-07,0.13810617104172707,0.00023314585601740687,0.005009824689600214,-0.05994601175189018,-0.004987239092588424,-0.0013651677290908992,0.0004865080409217626,0.002448755840305239,0.005113996332511307,0.07816015928983688
0513010108,749.32,1908.1966552734375,1.565877454368092e-07,0.12372497841715813,0.00022574274548158073,0.0037601778319418513,-0.06507832556962967,-0.0031657391227781773,-0.0006807165773352608,0.00028280337573960423,0.0016018357418943197,0.0036457319511100667,0.05864665284752846
0513010109,538.09,1540.13037109375,1.5659058760775224e-07,0.14778593182563782,0.0002537076265624143,0.005100323597881724,-0.08066750317811966,-0.005092901270836591,-0.0013079714262858033,0.0005800693179480731,0.002564917551353574,0.00527929626405239,0.06711842864751816
0513010202,364.54,1352.3717041015625,1.56587006472364e-07,0.09369930252432823,0.00032854795095426726,0.004546470901627977,-0.04826384037733078,-0.0043950371444225304,-0.0010642866545822471,0.0005106853786855936,0.002268971875309944,0.004746064031496647,0.04543546214699745
0513010405,817.81,1977.2532958984375,1.5658889651604113e-07,0.22587888687849045,0.0002149911389654779,0.005595153736081061,-0.11181886494159698,-0.0054153697565197945,-0.001349376019788906,0.000549319083802402,0.0026200384600088,0.005469832802191377,0.11406002193689346
0513010205,468.37,1248.1075439453125,1.5659057339689753e-07,0.2183098867535591,0.0002361903105872102,0.004871907065664874,-0.13090597093105316,-0.004681894695386291,-0.0011824378743767738,0.0006137915188446641,0.002390524197835475,0.004774506157264116,0.08740391582250595
0513010301,762.36,1225.1278076171875,1.5658571328458493e-07,0.11576956883072853,0.00014251674456581452,0.0027296242098463065,-0.0633697584271431,-0.0020664997166022657,-0.0005832427850691602,0.00022374701802618802,0.001152868615463376,0.002485199016518891,0.052399810403585434
0513010302,494.99,1121.4781494140625,1.5658939389595616e-07,0.22326545417308807,0.00020077708411462696,0.0036583857311659686,-0.14850422739982605,-0.0029582234797999253,-0.0007871564157539979,0.00030958914430812,0.00156921282177791,0.003399686468765139,0.07476122677326202
0513010406,305.49,787.66259765625,-0.0044190846383571625,0.2088247388601303,0.00022851233571360188,0.004326878532347112,-0.09479794651269913,-0.0035984968766570088,-0.0008721378981135786,0.0005209081573411822,0.0018448312766849995,0.0036646615713834775,0.11402679234743118
0513010407,471.63,1234.3695068359375,1.565907297162994e-07,0.23868753015995026,0.00023194464511741783,0.004486325717602219,-0.14375293254852295,-0.004025248298421501,-0.0009787317248992622,0.000486726697999984,0.002009164832998067,0.0042011166457086805,0.09493459761142731
0513020603,303.01,59.86299133300781,1.565919518498049e-07,0.07167056202888489,1.7525013124954715e-05,0.001488423711290224,-0.04252497851848602,-0.0012211102177388964,-0.0004266688847565092,2.631507595651783e-05,0.0005416408239398152,0.0013572023133747281,0.029145583510398865
0513020606,697.67,16.996335983276367,1.565928755553614e-07,0.07988987490534782,2.1632726913574367e-06,0.0012944802309960352,-0.04192780330777168,-0.0010616492596454918,-0.00039296909380936995,4.2647889131330885e-06,0.0004637503734556958,0.0011540087056346239,0.03796207159757614
0513010106,654.24,1829.4305419921875,1.5659163921100117e-07,0.2501721605658531,0.0002484698783846478,0.006527339873946497,-0.13895511627197266,-0.006783956661820412,-0.002230712561868131,0.00039137498242780566,0.0031956638558767736,0.007015494629740715,0.11121704429388046
0513020505,696.48,198.7078857421875,1.5659134078305215e-07,0.10162577033042908,2.532286786501236e-05,0.0015607774803646454,-0.046804238110780716,-0.001354533212725073,-0.0004781283569172956,3.741621185326949e-05,0.0006377590470947325,0.0015048241941258314,0.05482153221964836
0513020506,860.21,468.86602783203125,1.5659357188724243e-07,0.07403075881302357,4.8401317163709703e-05,0.002112977626675865,-0.04300001263618469,-0.0017355206655338407,-0.0005692858539987355,6.0393325838958845e-05,0.0008472188201267272,0.001996487844735384,0.031030746176838875
0513020508,787.79,971.7279663085938,1.5659207974749734e-07,0.13074418902397156,0.00010949872912207058,0.002596264583094958,-0.07614342123270035,-0.0024187990929931402,-0.0007779018487781286,8.099438855424523e-05,0.0011977262329310179,0.0027859725523740053,0.05460076779127121
0513010201,223.76,650.6016845703125,0.0015603009378537536,0.12008579820394516,0.00025739450831300316,0.004573447888094455,-0.05610046535730362,-0.004304892290383577,-0.0010081261571031064,0.0006085492786951363,0.0022650937899015844,0.004462504666298629,0.06398533284664154
0513010203,372.92,994.255859375,1.5658665120099613e-07,0.12444797158241272,0.0002363006690234405,0.0044627330649603765,-0.06737390160560608,-0.004171336302533746,-0.0010165705461986363,0.0004712760273832828,0.0020943567506037652,0.004405257245525718,0.05707406997680664
0513010204,547.92,1720.9376220703125,1.565863385621924e-07,0.1708318069577217,0.0002782494680279308,0.004747643994629224,-0.0989454835653305,-0.004423095006495714,-0.0011118854163214564,0.0005564636667259037,0.0022717611864209175,0.004705067630857228,0.0718863233923912
0513010503,335.57,531.6597900390625,1.5659375662835373e-07,0.20098458975553513,0.00014109777168061098,0.006210687721756999,-0.08782066404819489,-0.00513940923847258,-0.0013917717442382127,0.0001438614126527682,0.0024389985483139753,0.005855054687708617,0.11316392570734024
0513010504,751.49,1323.6934814453125,1.5659306029647269e-07,0.23435328900814056,0.0001565200655698162,0.005162942434961607,-0.12595443427562714,-0.0043710884638130665,-0.0012338068336248398,0.00032312527764588594,0.0021282059606164694,0.004689423833042383,0.10839885473251343
0513010505,295.75,985.625732421875,1.565946661230555e-07,0.18302910029888153,0.00029631454351190757,0.007672273243236233,-0.10695072263479233,-0.006526141986250876,-0.0013630208559334278,3.1482617487199605e-05,0.003143455891404301,0.00786456698551774,0.0760783776640892
0513020504,1195.58,2701.87890625,1.56595888256561e-07,0.12525760382413864,0.00020105439272936277,0.00456300711256286,-0.07563406229019165,-0.004136222973465918,-0.0009438381239306182,0.00037599465576931834,0.002418125164695084,0.004642686061561108,0.04962354153394699
0513020604,467.35,183.9573974609375,1.565942966408329e-07,0.07263245433568954,3.498967232019037e-05,0.0013432360681141357,-0.03692706301808357,-0.001115416898392141,-0.0004052472359035164,3.0749502911930904e-05,0.0005423057009465992,0.0012765061343088752,0.03570539131760597
0513020607,726.04,-106.67088317871094,1.5659375662835373e-07,0.1339113712310791,-1.3090273318853315e-05,0.0018290951159867749,-0.06955365091562271,-0.0017171050421893597,-0.0006302368710748851,4.422976417117752e-06,0.0007155126659199595,0.0017772139399312437,0.06435772031545639
0513020602,699.51,84.00160217285156,1.565918665846766e-07,0.11629487946629524,1.0681208028307149e-05,0.001425506392716098,-0.048414308577775955,-0.0012246475555002688,-0.0004456592141650617,1.0321931767975911e-05,0.0005458785453811288,0.0013417403679341078,0.06788057088851929
0511000105,350.92,427.6327209472656,1.5658579854971322e-07,0.08165208622813225,0.00010810353507591838,0.0025544368858483064,-0.047872114926576614,-0.0022054756293073295,-0.0006258389767026529,0.00020452405442483723,0.0011425315751694143,0.0025277890264987944,0.033779971301555634
0510020509,579.26,372.12493896484375,-0.0005835691699758172,0.14967785775661469,5.695526899877997e-05,0.0020759070116926587,-0.07269704341888428,-0.001528181997127831,-0.0005318862677086145,8.540197450201958e-05,0.0007446946110576391,0.0016755718737840662,0.07698081433773041
0510020506,259.11,195.0039520263672,1.565804552683403e-07,0.1804831549525261,6.665486911688435e-05,0.0020495431585129615,-0.14275789260864258,-0.0017794659128412603,-0.0006187324761413038,0.00014462947729043663,0.0009135391446761787,0.0018789131892845033,0.037725262343883514
0510020508,714.57,481.4544677734375,-0.0011015598429366946,0.11743557453155518,5.975259067471554e-05,0.0016930354039313713,-0.07528475672006607,-0.001600410440005362,-0.0005148800992174074,0.00013150990707799792,0.0008006593270692974,0.0016519043128937483,0.042150817811489105
0510020510,277.18,491.88165283203125,0.0007377027650363743,0.146181158721447,0.00015736270010811092,0.0037162073770393225,-0.0625232607126236,-0.0037696155719459056,-0.0010988760041072965,0.00035353144630789757,0.0019415675196796656,0.004041638411581519,0.0836578980088234
0511000102,313.32,600.7261352539062,1.5658845597954496e-07,0.11240345239639282,0.000170062330427435,0.004036552161668375,-0.05674367770552635,-0.002875074837356806,-0.000631600632914342,0.0001715684193186462,0.001398118765791878,0.0035889870719984177,0.05565977469086647
0511000103,439.54,698.5940551757812,1.5658920915484487e-07,0.12000694498419762,0.000140960560807421,0.004054798909880411,-0.057030435651540756,-0.0027770037529990074,-0.0005874370544916019,0.00016900735499802977,0.0014042012917343527,0.0035473555093631154,0.06297650933265686
0511000104,749.35,1024.150146484375,1.5658628171877353e-07,0.10070949047803879,0.00012130641434261444,0.0029228473733813667,-0.05656128004193306,-0.0025367552880197763,-0.0006848035263828933,0.0002515375381335616,0.001305354933720082,0.0028033957350999117,0.04414821043610573
0511000107,598.93,643.698974609375,1.5658986285416177e-07,0.15707404538989067,9.534420833881374e-05,0.0029452324728440776,-0.11059311777353287,-0.0027273937128484247,-0.0007798830629326403,0.0001875029265647754,0.001324367243796587,0.002985133090987804,0.0464809276163578
0511000405,664.76,1218.828125,1.5658666541185084e-07,0.13184170797467232,0.00016281118319241746,0.0030812769594945463,-0.055720362812280655,-0.0027184953447431325,-0.0006646480760537088,5.910723120905459e-05,0.0012506752973422408,0.003364487038925292,0.07612134516239166
0509010306,414.37,1230.089111328125,1.565761493793616e-07,0.14670376479625702,0.00026504217880090355,0.005403962750826204,-0.06630243360996246,-0.00416314173489809,-0.0011701359180733562,0.00019865216745529324,0.0021909292554482818,0.005235712416470051,0.08040133118629456
0509020108,314.61,264.2756652832031,1.56575978849105e-07,0.1019909419119358,7.497490401256311e-05,0.003195051176964741,-0.05614793300628662,-0.00242903740145266,-0.0005311703134793788,8.500206604367122e-05,0.001010031090117991,0.002777548134326935,0.045843008905649185
0507020106,726.34,2943.752685546875,-0.005696842446923256,0.15653998404741287,0.00035950700969906285,0.00742789812178238,-0.07304636389017105,-0.006959400465711951,-0.003032472974155098,4.206170706311241e-05,0.0032953054178506136,0.008303544111549856,0.08349362015724182
0507020302,691.97,2555.12841796875,-0.010386640205979347,0.2228582501411438,0.0003265998874365511,0.008489664836793342,-0.14139367640018463,-0.008510423824191093,-0.003763271728530526,-0.00012390072515700012,0.0037421605084091425,0.010146653279662132,0.08146457374095917
0507020206,298.35,805.9078369140625,1.5658312690902676e-07,0.14347971603274345,0.00023880866391246588,0.008742881402305456,-0.061945315450429916,-0.008945121429860592,-0.0038078592624515295,-7.521501538576558e-05,0.00382516672834754,0.010065319947898388,0.08153440058231354
0511000505,412.52,262.69549560546875,1.5658602592338866e-07,0.1188165433704853,5.651577512176137e-05,0.0018074967527843347,-0.08077181130647659,-0.0011058525647968053,-0.00024391433544224128,1.3225495422375388e-05,0.0003507406436256133,0.0013869007932953538,0.03804473206400871
0514010413,620.43,337.53448486328125,-0.0011396612972021103,0.12164316698908806,4.829884311595464e-05,0.002850168543735682,-0.06517268717288971,-0.0026284499093890187,-0.0009624660888221115,0.000171323525137268,0.0013480246998369694,0.002796461386606098,0.05647047981619835
0513010304,720.2,908.4039306640625,1.565903744449315e-07,0.1626647263765335,0.00011189579037196105,0.003911327180549124,-0.09786292165517807,-0.0026778697967529295,-0.0005970931961201131,8.746793173486367e-05,0.001261472760234028,0.0032639763783663513,0.06480180472135544
0801010002,214.28,83.27678680419922,1.565937282066443e-07,0.12991105020046234,3.465796693890225e-05,0.0020352599189543295,-0.055622413754463196,-0.00029470066947396846,-4.156998056714656e-05,1.5659657037758734e-07,6.92265857651364e-05,0.0004354389646323399,0.07428863644599915
0513020601,313.53,95.92756652832031,-0.00038309351657517254,0.07680577784776688,2.7168113666681104e-05,0.001435349688830619,-0.040839146822690964,-0.0012064605485647916,-0.0004220146802254021,3.049535007448867e-05,0.0005664771451847628,0.0013614248251542452,0.03596663102507591
0513020507,952.63,1739.519287109375,1.5659340135698585e-07,0.12616390362381935,0.00016210210288774077,0.0035104506823052353,-0.06421467661857605,-0.00291868420317769,-0.0007317109848372638,1.565994267593851e-07,0.0014945385046303272,0.003768577310256657,0.0619492270052433
0509020310,683.89,1182.3363037109375,1.5657668939184077e-07,0.15032252296805382,0.00015357543945360069,0.004003557883054443,-0.09876953065395355,-0.0037354602012783285,-0.0009908612119033933,0.00021775372442789376,0.0018795017385855317,0.0040683094412088385,0.051552992314100266
0509010401,302.6,1335.25439453125,-0.011801301501691341,0.1260828711092472,0.00039043930367415263,0.006455912839786288,-0.07177150249481201,-0.006667341850697993,-0.0018487822962924838,0.0006803732248954475,0.0033156354911625385,0.007094726711511611,0.054311368614435196
0510020512,252.33,212.92832946777344,0.0015997893642634153,0.07788659632205963,7.483639561774108e-05,0.0028737819329320955,-0.04457820579409599,-0.002519085304811597,-0.0007780349114909768,0.0002838395012076944,0.0012837847461923957,0.0025766463950276375,0.03330839052796364
0510020502,325.62,590.7060546875,1.5658221741432499e-07,0.11947878822684288,0.0001606955444202873,0.0034225117623234787,-0.06258270889520645,-0.002713430393487215,-0.0007128655561245978,0.0002603467146400362,0.001401034533046186,0.0031694555655121808,0.05689607933163643
0510020503,862.82,1426.39501953125,1.5657919050227065e-07,0.16417421400547028,0.00014654262069248308,0.003627798470238951,-0.09671741724014282,-0.0028882413636893032,-0.0007560880621895194,0.00032290793024003506,0.0015279010403901339,0.0033297795802354835,0.06745679676532745
0714010508,352.21,151.78907775878906,1.5659189500638604e-07,0.08221692219376564,3.861191564973396e-05,0.0018377141884832369,-0.041418738663196564,-0.0005278075113892555,-0.00010675833618734032,1.9457493749541754e-07,0.00014892215403961018,0.0006847971817478538,0.04079818353056908
0510020513,940.07,2352.82763671875,1.5657509777611267e-07,0.08043073490262032,0.00022206146812719666,0.004265221292336927,-0.04208597168326378,-0.004347166512161493,-0.0011738768080249429,0.0005562931764870882,0.0024154847487807274,0.004604729916900397,0.03834476321935654
0510020514,404.67,617.5869140625,1.5657387564260716e-07,0.07849222421646118,0.00013524282778740586,0.003857254834704134,-0.04073423519730568,-0.003794117947109043,-0.0010551766899880022,0.0004049226990900934,0.0019979661446996033,0.003933715587481859,0.0377579890191555
0510010107,595.01,1439.2752685546875,1.5657911944799707e-07,0.12772760540246964,0.0002143681190501045,0.0040513153829636675,-0.052528783679008484,-0.0034468789817765355,-0.0008230461680795997,0.0002301812346559018,0.001613284577615559,0.003914491273462772,0.07519882172346115
0510010108,863.61,1844.824462890625,1.565797020930404e-07,0.18854285031557083,0.000189212746018244,0.004002103514554476,-0.07210548967123032,-0.003421837231144309,-0.0008395126787945628,0.00023686891654506326,0.001592457527294755,0.0037249387241899967,0.11643736064434052
0604000603,266.95,178.253173828125,1.5659281871194253e-07,0.06447873450815678,5.922510482677671e-05,0.0019528311642868252,-0.03434326872229576,-0.0017488944111391897,-0.0004662832070607692,2.013717676163651e-05,0.0007202373817563057,0.002015812322497368,0.030135465785861015
0604000604,400.93,295.4337463378906,1.5659355767638772e-07,0.059903936460614204,6.534384016384316e-05,0.0018705977495196385,-0.030484285205602646,-0.0014523853198625146,-0.0003700046581798233,2.013083576457575e-05,0.0006295633502304554,0.0017570341122336698,0.02941965125501156
0604000602,309.19,226.36758422851562,1.565936287306613e-07,0.05451413057744503,6.494465550835239e-05,0.0020539036826826805,-0.029677173122763634,-0.0017661568126641214,-0.0005083697033114731,5.951605999143794e-05,0.0007745139009784907,0.0020164261804893613,0.024836957454681396
0604000508,334.66,384.7879333496094,1.5659632879305718e-07,0.08371653780341148,0.00010212855897859993,0.0026892050588436488,-0.04250560700893402,-0.0023191385902464386,-0.0005716394371120259,5.626603524433449e-05,0.0010893838480114937,0.0027540846727788443,0.04121093079447746
0604000510,531.36,748.068603515625,1.5659431085168762e-07,0.13311105221509933,0.0001249326299974523,0.0027541043717110238,-0.07187889516353607,-0.0020876238122582436,-0.0003742198969121091,1.5659620089536475e-07,0.0008827848796499893,0.00268424185924232,0.06123215705156326
0604000601,438.68,126.24445343017578,1.5659543350921012e-07,0.06609445437788963,2.5541736916477335e-05,0.0010578765518380155,-0.030138064175844193,-0.0007153111859224736,-0.0002332800650037825,1.4050927347852848e-05,0.0003229432040825486,0.0008141774102114138,0.03595639020204544
0604000509,769.65,1608.927490234375,1.5659733776374196e-07,0.11990241333842278,0.00018604014950883015,0.004383518114538033,-0.05411027744412422,-0.0036086218897253275,-0.0006692794850096107,1.5660212682178098e-07,0.0019061339553445578,0.00448994105681777,0.06579213589429855
0801020204,840.04,667.9827880859375,1.5659770724596456e-07,0.12034126371145248,7.083616700352933e-05,0.0035071068523230124,-0.06676938384771347,-0.00191294620744884,-0.0002006372706091497,1.566000946695567e-07,0.0002701395424082875,0.00221173204481602,0.053571879863739014
0801020103,367.64,245.43777465820312,1.5659293239878025e-07,0.10376305133104324,5.91658548061491e-05,0.002501921697273432,-0.047377195209264755,-0.002134350361302495,-0.0005346293328329921,3.509531597956084e-05,0.0008351929136551917,0.002289052587002516,0.05638585612177849
0801020101,352.3,132.57269287109375,1.5659212238006148e-07,0.07053861394524574,3.3370409017981384e-05,0.0012832543447670699,-0.03664674982428551,-0.0010856035049073398,-0.0003350166298332624,2.997368574142456e-05,0.0004492999505600892,0.0011689904960803682,0.033891864120960236
0801020102,408.09,251.49649047851562,1.5659310292903683e-07,0.06434623897075653,5.4669133111200876e-05,0.001967788303754203,-0.0322704017162323,-0.001699645968619734,-0.0004301291992305778,2.5478690076852217e-05,0.0006796650850446895,0.0019268966163508614,0.03207583725452423
0509020106,531.2,898.9436645507812,1.5657580831884843e-07,0.11712832376360893,0.00015036827725546165,0.004365135684667232,-0.06311818957328796,-0.003730623959563672,-0.0010162020626012236,0.00020450289594009519,0.0018747505964711308,0.0042626397684216505,0.05401013419032097
0801010003,277.59,74.90019226074219,1.5659693985980994e-07,0.05212225019931793,2.4094827301248646e-05,0.0007092821344080663,-0.023917196318507195,-0.0003745278634596616,-5.548150875256397e-05,1.565992420182738e-07,8.580822759540752e-05,0.0004574373015202583,0.028205053880810738
0509010301,560.13,1978.37841796875,1.5657751362141425e-07,0.16430456191301346,0.0003132344450135268,0.005590920612408035,-0.07709338515996933,-0.0050101901404559605,-0.0015450329519808292,0.00010760228906292468,0.0025374775286763906,0.006133467797189956,0.08721117675304413
0509020102,684.2,2192.41015625,1.565766183375672e-07,0.12046559900045395,0.0002843931186432939,0.006325277594290684,-0.0674528107047081,-0.005533625464886426,-0.0016501917853020132,0.00012742314720526338,0.002626853180117905,0.006514116842299699,0.05301278829574585
0509020111,625.83,904.1124877929688,1.565741030162826e-07,0.09534687176346779,0.00012825134700964272,0.003932412547457529,-0.047795336693525314,-0.003513343632221222,-0.0008876214415067807,0.00018523912876844406,0.0016875987930689007,0.003948013763874769,0.047551535069942474
0509020112,501.67,742.5588989257812,1.5657406038371846e-07,0.10312734916806221,0.00013165139612558623,0.0037226538062278395,-0.054975491017103195,-0.003344360459595919,-0.0008406064589507878,0.00013996717461850494,0.0015799597895238549,0.003765771049074829,0.048151858150959015
0509010303,479.24,1348.470947265625,0.002327866852283478,0.13306619226932526,0.0002490668698030298,0.004616553291146122,-0.07554300129413605,-0.004250183701515198,-0.0010857105953618884,0.0005447310395538807,0.002255700237583369,0.004601036570966246,0.05752319097518921
0509010304,400.24,1214.370849609375,-0.005628601647913456,0.11784467846155167,0.0002685088137766581,0.006204478068097968,-0.060284942388534546,-0.005219415109604597,-0.0015579806349705905,0.00035805246443487704,0.0028240574174560606,0.006362335616722707,0.05755973607301712
0509010402,343.05,1414.67724609375,1.5657994367757055e-07,0.11486956104636192,0.0003647916257982121,0.0059282671689785205,-0.06590349972248077,-0.00589443719945848,-0.001813240407500416,0.00048419018276035786,0.0031111040734685957,0.006636117491871117,0.04896606132388115
0509010403,434.78,1756.29833984375,1.5657825258585945e-07,0.14821691811084747,0.0003573869965471516,0.005124904838288314,-0.07967069000005722,-0.005141599336639047,-0.00130775710567832,0.0006582182832062244,0.0027256939793005586,0.005463615525513887,0.06854622811079025
0509010404,398.88,1485.20166015625,0.004131200257688761,0.11693829670548439,0.00032925963888253367,0.00564494740816055,-0.06729158014059067,-0.005516677163541317,-0.0018853642977774143,0.00027249782579019666,0.0029379362240433693,0.006440193857997656,0.04964671656489372
0509010405,396.48,1663.8427734375,1.5657816732073115e-07,0.10894772782921791,0.0003712191357981653,0.005975812817314687,-0.05632007122039795,-0.005597647977992891,-0.0017383620142936707,0.0003391584032215178,0.002993502770550549,0.006683421041816473,0.05262765660881996
0510010105,897.01,3982.27490234375,1.5658032737064786e-07,0.1771892085671425,0.000393148444790965,0.006342428473497198,-0.09165460616350174,-0.006156622897833586,-0.0017375006573274732,0.0004269690834917128,0.003030110150575638,0.006950937677174809,0.08553460240364075
0510010102,199.16,952.72998046875,-0.004764933604747057,0.10587919875979424,0.0004229361063263293,0.006484471610972858,-0.05553358420729637,-0.00650545684620738,-0.0020566191524267197,0.0005022092373110354,0.0033084191381931305,0.007427196111530069,0.050345614552497864
0510010104,173.67,701.3671875,1.5658170582355524e-07,0.20055798441171646,0.00035729698224282354,0.006158247532683401,-0.08638997375965118,-0.005845538806170225,-0.001823395723477006,0.0004962939419783652,0.002885872032493353,0.006182624492794275,0.11416801065206528
0510010106,484.49,1920.34716796875,1.5658038421406673e-07,0.12862161919474602,0.000351053806082361,0.005853414964750968,-0.06640072166919708,-0.005157540552318096,-0.0013204706774558872,0.00033040763810276985,0.002409327309578657,0.006015697726979852,0.062220897525548935
0510010201,215.44,162.7013702392578,0.00023489071463700384,0.0584531594067812,6.691850498625358e-05,0.0014661781481163192,-0.03109094873070717,-0.0015560597530566156,-0.0005269094690447673,0.0001819259487092495,0.0008625714690424502,0.0015705411205999553,0.027362210676074028
0510010202,518.92,424.0661926269531,0.0011862708488479257,0.059500137344002724,7.241922420496926e-05,0.0017335728761895047,-0.032721105962991714,-0.0016475977143272757,-0.0005197552382014692,0.00019285824964754283,0.0008758862386457622,0.0016901675378903744,0.02677903138101101
0510010203,673.76,1022.2979736328125,1.5657654728329362e-07,0.05885942466557026,0.0001345051041298678,0.0026139544160207655,-0.03449429199099541,-0.0025296594714745877,-0.0007026500534266233,0.0003415389219298959,0.0013751268852502108,0.0026864866027608517,0.024365132674574852
0510020302,506.9,2003.5687255859375,0.001320352777838707,0.15145625919103622,0.0003500220777279057,0.007033929374205417,-0.07982875406742096,-0.007456348743289709,-0.0024365135468542576,0.000657198135741055,0.0037518138997256756,0.007720967289060354,0.07162750512361526
0510020303,315.98,1843.02001953125,1.5658881125091284e-07,0.134777270257473,0.0005164264183096115,0.00693630504384979,-0.07235530763864517,-0.006995677575469017,-0.0019771804800257087,0.0006038904539309442,0.003386669442988932,0.007667819876223804,0.06242196261882782
0510020304,242.07,1133.098388671875,-0.0028553332667797804,0.1261436492204666,0.0004141897148304236,0.0072319106480556805,-0.0565638542175293,-0.007524855993688107,-0.0024357239017263055,0.0005203403998166323,0.003560276236385107,0.008008867502212528,0.06957979500293732
0510020511,210.18,259.37579345703125,0.001044129254296422,0.08745196461677551,0.00010941130190805609,0.0039681198663759475,-0.05327371507883072,-0.0036947373766452072,-0.0010522166267037392,0.00039810719317756593,0.0019123717211186886,0.004028300009667874,0.034178249537944794
0511000109,265.35,124.99285125732422,1.5658598329082452e-07,0.09114886447787285,4.1781075786289345e-05,0.001427220725162357,-0.05961688980460167,-0.001318732276558876,-0.0004627818416338414,6.956436118343845e-05,0.0006604586960747838,0.0014234370668418706,0.03153197467327118
0511000208,547.83,253.58929443359375,1.565908291922824e-07,0.0945722945034504,4.10961490235191e-05,0.002068504525904465,-0.0467638336122036,-0.0017208200530149042,-0.0005840118392370641,8.520978735759854e-05,0.0008779214695096016,0.0019515329040586955,0.047808460891246796
0511000112,412.41,630.17431640625,0.0012250314466655254,0.10688701644539833,0.00013558754841745324,0.003193202968584094,-0.06247643381357193,-0.00282284973654896,-0.0008501708507537842,0.0002572285884525627,0.0015011424256954342,0.003172210860066116,0.0444105826318264
0511000113,470.13,454.50701904296875,1.5659020391467493e-07,0.11101885885000229,8.579319139947747e-05,0.0031480583545084777,-0.05682723969221115,-0.002682392159476876,-0.0007375970017164946,0.000194094332982786,0.0013189786113798618,0.0029537902679294386,0.05419161915779114
0511000114,283.73,612.1419067382812,-0.002503970405086875,0.11482205986976624,0.0001913981195236421,0.004115526687035145,-0.07334579527378082,-0.003602511622011661,-0.0009279969963245094,0.00022173523029778153,0.0019043567590415478,0.004265338461846116,0.04147626459598541
0511000201,954.17,1194.87158203125,1.5659078655971825e-07,0.144240815192461,0.00011141456051381619,0.0033452784519859995,-0.0859387218952179,-0.0026417094748467204,-0.0007066724938340485,0.0003259049844928086,0.0014650545199401677,0.002986677549779415,0.05830209329724312
0511000202,650.83,759.485107421875,1.565929892421991e-07,0.11353946104645729,0.00010367563719748338,0.003363112581620949,-0.06734568625688553,-0.002384188119322061,-0.0006034063990227878,0.0002489750913809985,0.0012860997812822461,0.0028473772108554844,0.04619377478957176
0511000203,808.07,755.0202026367188,1.565926908142501e-07,0.1177830621600151,8.296453955711733e-05,0.0022204320213226646,-0.0722932517528534,-0.002035619784146547,-0.0006165684317238629,0.00017104395374190062,0.001044749398715794,0.002189872181043029,0.04548981040716171
0511000204,389.53,396.16015625,1.5659220764518977e-07,0.08878282457590103,9.024692060069216e-05,0.0025250736962912058,-0.04329301416873932,-0.0023518357193097472,-0.0006406033207895234,0.00020917184883728623,0.0012310671445447952,0.0025140205398201942,0.04548981040716171
0511000205,349.85,343.53826904296875,-0.001105201430618763,0.08184390515089035,8.718572705125512e-05,0.0029040278862197543,-0.050427425652742386,-0.002472964930348098,-0.0006135674193501472,0.0003104528586845845,0.0013227227027527988,0.002656442043371501,0.031416479498147964
0511000207,657.91,-970.1400146484375,1.5659020391467493e-07,0.10542343929409981,-0.00013087466763622761,0.0023718391470803875,-0.06392407417297363,-0.002636104356497526,-0.0009522055624984205,-8.052469638641924e-06,0.0008847210556268692,0.0022391602396965027,0.041499365121126175
0511000209,561.14,350.4169921875,1.5659330188100284e-07,0.10332563892006874,5.5400258077350124e-05,0.002220454219691378,-0.05960768833756447,-0.001701778615824878,-0.0005463759880512953,6.356627272907645e-05,0.0008250830287579447,0.0019843584857881075,0.04371795058250427
0511000301,264.02,340.1739501953125,1.5659259133826708e-07,0.07895141467452049,0.00011431782459416501,0.002564800150760125,-0.04207954183220863,-0.0022776229307055473,-0.0006226796976989135,0.00015621667262166739,0.0011540812265593559,0.002548104035668075,0.03687187284231186
0511000302,966.92,1275.5423583984375,1.5659182395211246e-07,0.18909207731485367,0.00011717153705289588,0.0028956469961327735,-0.1280645877122879,-0.002294790232554078,-0.0006248854915611446,0.0001512591406935826,0.001140669162850827,0.0026935292407870293,0.061027489602565765
0511000303,676.93,1328.686767578125,1.5659114183108613e-07,0.11384658142924309,0.00017427454956041704,0.0034898514835344225,-0.05918001011013985,-0.0030113784596323967,-0.0007869937689974904,0.0001119535299949348,0.0015325909480452538,0.003641243791207671,0.05466657131910324
0511000305,424.2,901.305419921875,1.5658874019663926e-07,0.11091328784823418,0.0001885194420715376,0.0029006141902801113,-0.06538286805152893,-0.002225329168140888,-0.0005655895074596629,3.3192660339409485e-05,0.0009704106487333775,0.0029149234993383283,0.045530419796705246
0510020106,526.46,2281.190185546875,0.0011786875547841191,0.1332678198814392,0.00038350907022470564,0.0071940211616215565,-0.06388255953788757,-0.006781545979902148,-0.0023931366158649325,0.00032754981657490134,0.003169531119056046,0.007759994268417359,0.06938526034355164
0510020202,629.68,2434.9404296875,0.0025139888748526573,0.22934602946043015,0.0003424251564313026,0.006270989401884713,-0.145814448595047,-0.00662592425942421,-0.0020600322168320417,0.0006612424622289836,0.0031928641255944967,0.006620327290147544,0.08353158086538315
0510020203,189.41,946.7644653320312,1.5658584118227736e-07,0.24221555888652802,0.0004422537595465707,0.007929281890184874,-0.14361009001731873,-0.007771894754841924,-0.0029714699485339224,0.00040413805982097983,0.0038098785444162786,0.008661541808396579,0.09860546886920929
0510020204,390.4,2054.6240234375,-0.020472124218940735,0.16300414502620697,0.00046587736984791023,0.007402010900111821,-0.07383770495653152,-0.0074443664401769635,-0.0026224052999168634,0.0003388090117368847,0.0035916517954319715,0.008522794395685198,0.08916644006967545
0510020301,358.28,1645.08935546875,0.002868213690817356,0.12731346487998962,0.00040663647968058897,0.007298323642957408,-0.06256989389657974,-0.007953360117971896,-0.0024168320233002305,0.0007894912268966436,0.004013489466160536,0.008146771881729362,0.06474357098340988
0511000111,662.44,1045.6395263671875,1.5658818597330537e-07,0.16097218543291092,0.00014007141099561712,0.0033789297822356683,-0.07775601744651794,-0.0031216583447530866,-0.0008815924957161769,0.00024036495597101748,0.001591303909663111,0.003414715174585581,0.08321616798639297
0511000108,937.69,-442.0986633300781,1.5658862650980154e-07,0.11273656412959099,-4.186210153404358e-05,0.002677365410160419,-0.06348097324371338,-0.0026535398326814176,-0.0008784198435023427,9.038526332005858e-05,0.0010771023808047175,0.002467256970703602,0.04925559088587761
0511000605,722.44,947.0435791015625,1.5659078655971825e-07,0.10681824013590813,0.00011637894769781975,0.0023400801379364162,-0.05053635314106941,-0.001551141496747732,-0.0003441430162638426,2.687802043510601e-05,0.0005637645372189581,0.001994148921221496,0.056281886994838715
0511000403,546.95,696.8151245117188,1.5658636698390183e-07,0.12330369651317596,0.00011308899162476673,0.003091015753366183,-0.06387785822153091,-0.0029610403347760435,-0.0009658421040512621,0.00021092385577503592,0.0014839330688118935,0.003153294278308749,0.05942583829164505
0511000404,652.74,1290.6357421875,1.5658763174997148e-07,0.12303124368190765,0.00017551572358759382,0.0036562246731446,-0.08118731528520584,-0.0034661181271076202,-0.001000392367132008,0.00018394937796983868,0.0018043353920802474,0.003966907504945993,0.04184392839670181
0511000603,171.13,329.31390380859375,1.5658855545552797e-07,0.11456676945090294,0.00017058760042051654,0.003222767946965504,-0.04719005152583122,-0.002710936521179974,-0.0007288926426554099,9.797647362574935e-05,0.0012173446302767843,0.0031860405812039975,0.06737671792507172
0511000502,398.27,469.1701354980469,1.5658842755783553e-07,0.0797637552022934,0.00010452443046444971,0.002000784142846203,-0.043594684451818466,-0.001512422622181475,-0.0003063863259740174,1.4833962268312462e-05,0.0005091138882562518,0.001983664231374859,0.03616907075047493
0511000503,972.28,1371.6441650390625,1.5658530116979819e-07,0.10441463813185692,0.00012527079393417564,0.0024888723378706243,-0.04956989362835884,-0.0019928449764847755,-0.0004367720684967935,2.3184791643870994e-05,0.000755011395085603,0.0025738318916410227,0.05484474450349808
0511000504,264.72,248.83322143554688,1.5658669383356028e-07,0.08982087299227715,8.337640810772445e-05,0.002386694812496579,-0.04365428537130356,-0.001985170762054622,-0.0004755453992402181,3.6238805478205904e-05,0.0007427831005770713,0.0023226578487083316,0.04616658762097359
0511000604,391.35,524.1770629882812,1.5658910967886186e-07,0.08426791429519653,0.00011885233390856297,0.002096639588977285,-0.04169603809714317,-0.0013624436920508741,-0.00029175281088100746,1.1310812624287792e-05,0.0004853935170103796,0.0018235303577966988,0.04257187619805336
0510020403,495.75,1651.2716064453125,1.5658356744552293e-07,0.1726875901222229,0.00029512442183542067,0.004949099273423594,-0.0628226026892662,-0.004502291325479746,-0.0011387976119294763,0.0002613771357573569,0.0021292020101100206,0.005103524308651686,0.1098649874329567
0510020405,650.09,2146.73193359375,1.5658460483791714e-07,0.22201573848724365,0.00029249081285590884,0.005247034364583175,-0.08756287395954132,-0.004732657410204411,-0.0012799821561202407,0.0003106365038547665,0.002206989098340273,0.005156531836837536,0.13445286452770233
0510020501,601.83,1009.7078247070312,1.565809100156912e-07,0.10533459484577179,0.0001487284566293581,0.00346123581884127,-0.05666477978229523,-0.0028956315014511346,-0.0007787650392856449,0.0002763772790785879,0.0014990508207120001,0.0033178879413753755,0.04866981506347656
0510020515,926.4,1951.2578125,1.565777409950897e-07,0.1379302702844143,0.0001868129416115796,0.0044356474273378925,-0.0784277468919754,-0.004165729461237788,-0.0011360973003320396,0.0003628099802881479,0.00222175067756325,0.004628182435408236,0.05950252339243889
0801020104,555.74,323.7744445800781,1.5659648511245905e-07,0.07278783991932869,5.168408674610034e-05,0.0017033968031017423,-0.031910303980112076,-0.0014164939057081938,-0.00038054738979553804,2.8451635444071144e-05,0.0006083253683755174,0.0015830667456612003,0.040877535939216614
0801020202,793.97,436.4029235839844,1.565991425422908e-07,0.06486856937408447,4.8947564160975434e-05,0.0016708624090278831,-0.03473890572786331,-0.0012963878456503152,-0.0003423110319999978,2.0765637600561604e-05,0.0005135292885825038,0.0015094174537807702,0.03012966364622116
0507020207,449.8,1482.6973876953125,-0.008889040909707546,0.2366313934326172,0.000291534070771178,0.008950175909223665,-0.08979839086532593,-0.009129416663199663,-0.003541243902873248,0.00011685232311720029,0.003931097569875419,0.00997127965092659,0.14683300256729126
0510010110,798.18,1106.9130859375,0.0020811858121305704,0.09641735255718231,0.00012289365288682317,0.0034617333047585745,-0.04691055789589882,-0.003180913394317031,-0.000914421456400305,0.0003455502155702561,0.0016695810481905937,0.0034367551561444998,0.04950679466128349
0511000110,952.89,218.8184814453125,1.5658378060834366e-07,0.1065654382109642,2.0390128754028177e-05,0.0023381952566708586,-0.061253760010004044,-0.0021542923990637065,-0.0007712616352364421,4.6467423089779913e-05,0.0009747642907314003,0.0022876753937453045,0.04531167820096016
0511000501,342.87,424.4840393066406,1.5658770280424505e-07,0.11105941608548164,0.00010987164317386479,0.002876513889905382,-0.07587530463933945,-0.0027265849290415644,-0.000666016640025191,7.086397818056867e-05,0.0012060549051966518,0.003143452387303114,0.0351841114461422
0510020505,628.3,746.2314453125,1.565830700656079e-07,0.1531512662768364,0.00010535172472826345,0.002427302202807894,-0.08695010095834732,-0.0017726182006299494,-0.0005234220589045435,0.00014975666999816895,0.0009190879936795682,0.0020655260886996993,0.06620116531848907
0513010101,962.73,2399.331298828125,1.5658520169381518e-07,0.19989918172359467,0.00022064871871082107,0.00762404707653287,-0.08079450577497482,-0.008222984336316585,-0.002716455841436982,0.0004609638126567006,0.003640788374468684,0.008039376512169839,0.11910467594861984
0513010102,790.42,2371.5244140625,1.565905449751881e-07,0.29241640865802765,0.0002658696616480431,0.006943373780557551,-0.2121640294790268,-0.007445329567417502,-0.002286187605932355,0.0005368029233068228,0.0034992554574273527,0.007349200779572129,0.08025237917900085
0510020404,562.13,1775.1409912109375,1.5658591223655094e-07,0.15601464360952377,0.0002798366500476768,0.00476327252540917,-0.0693807378411293,-0.004303600173443556,-0.0011500503169372678,0.0003756832447834313,0.002144901023712009,0.004741268558427693,0.08663390576839447
0511000206,947.23,163.85906982421875,1.565916676327106e-07,0.11413753405213356,1.5376809978318703e-05,0.00214733029020796,-0.05373077094554901,-0.0019808002980425954,-0.0006447694031521678,8.548326150048524e-05,0.0009218104532919824,0.0020731283584609628,0.06040676310658455
0801010001,222.19,119.3791732788086,1.5659286134450667e-07,0.09658455476164818,4.7632739886574636e-05,0.0019497170282965698,-0.05020048841834068,-0.001125813217367977,-0.0002570569849922322,6.106979526521172e-06,0.00042305345414206386,0.0013403362361714241,0.046384066343307495
0801020201,708.76,572.9490356445312,1.5659593088912516e-07,0.09196096286177635,7.190322240986465e-05,0.002614318929042975,-0.04272804409265518,-0.0022452521370723844,-0.0005962289433227852,4.853177961194888e-05,0.0008979991544038057,0.002554935053922236,0.04923291876912117
0801020105,830.27,517.9207153320312,1.5659622931707418e-07,0.09006237238645554,5.5350819246142297e-05,0.00206605864048482,-0.052859362214803696,-0.0019044007058255374,-0.0004795783606823534,2.4472652512486093e-05,0.0007569085428258404,0.0020637527341023088,0.03720301017165184
